,Player,Year,Shift%,PlayerYear
0,Chris Davis,2016.0,0.928,2016 Chris Davis
1,Matt Carpenter,2018.0,0.889,2018 Matt Carpenter
2,Chris Davis,2015.0,0.861,2015 Chris Davis
3,Rhys Hoskins,2019.0,0.733,2019 Rhys Hoskins
4,Cody Bellinger,2019.0,0.8779999999999998,2019 Cody Bellinger
5,David Ortiz,2016.0,0.9199999999999999,2016 David Ortiz
6,Freddie Freeman,2019.0,0.8250000000000002,2019 Freddie Freeman
7,Matt Olson,2018.0,0.796,2018 Matt Olson
8,Brandon Belt,2019.0,0.885,2019 Brandon Belt
9,Freddie Freeman,2018.0,0.8219999999999998,2018 Freddie Freeman
10,David Ortiz,2015.0,0.8740000000000001,2015 David Ortiz
11,Joey Gallo,2018.0,0.9220000000000003,2018 Joey Gallo
12,Daniel Vogelbach,2019.0,0.8370000000000001,2019 Daniel Vogelbach
13,Max Muncy,2019.0,0.8190000000000001,2019 Max Muncy
14,Kole Calhoun,2019.0,0.88,2019 Kole Calhoun
15,Anthony Rizzo,2019.0,0.8490000000000001,2019 Anthony Rizzo
16,Chris Davis,2018.0,0.9530000000000001,2018 Chris Davis
17,Kyle Schwarber,2019.0,0.812,2019 Kyle Schwarber
18,Joey Gallo,2017.0,0.9170000000000001,2017 Joey Gallo
19,Matt Olson,2019.0,0.897,2019 Matt Olson
20,Kyle Seager,2018.0,0.8190000000000001,2018 Kyle Seager
21,Chris Davis,2017.0,0.96,2017 Chris Davis
22,Jay Bruce,2017.0,0.8340000000000001,2017 Jay Bruce
23,Anthony Rizzo,2018.0,0.8199999999999998,2018 Anthony Rizzo
24,Anthony Rizzo,2017.0,0.7290000000000001,2017 Anthony Rizzo
25,Bryce Harper,2019.0,0.7070000000000001,2019 Bryce Harper
26,Carlos Santana,2018.0,0.7,2018 Carlos Santana
27,Matt Carpenter,2019.0,0.9039999999999999,2019 Matt Carpenter
28,Anthony Rizzo,2016.0,0.735,2016 Anthony Rizzo
29,Justin Smoak,2017.0,0.7449999999999999,2017 Justin Smoak
30,Brandon Belt,2016.0,0.7070000000000001,2016 Brandon Belt
31,Mitch Moreland,2017.0,0.848,2017 Mitch Moreland
32,Curtis Granderson,2016.0,0.7140000000000001,2016 Curtis Granderson
33,Freddie Freeman,2016.0,0.685,2016 Freddie Freeman
34,Carlos Santana,2019.0,0.677,2019 Carlos Santana
35,Logan Morrison,2017.0,0.7979999999999999,2017 Logan Morrison
36,Matt Carpenter,2017.0,0.6659999999999999,2017 Matt Carpenter
37,Yasmani Grandal,2019.0,0.664,2019 Yasmani Grandal
38,Lucas Duda,2017.0,0.8930000000000002,2017 Lucas Duda
39,Kyle Seager,2017.0,0.695,2017 Kyle Seager
40,Lucas Duda,2015.0,0.7859999999999999,2015 Lucas Duda
41,Rougned Odor,2019.0,0.7579999999999998,2019 Rougned Odor
42,Justin Smoak,2018.0,0.7219999999999999,2018 Justin Smoak
43,Kole Calhoun,2018.0,0.8210000000000001,2018 Kole Calhoun
44,Curtis Granderson,2017.0,0.7400000000000001,2017 Curtis Granderson
45,Carlos Santana,2015.0,0.615,2015 Carlos Santana
46,Shin-Soo Choo,2019.0,0.644,2019 Shin-Soo Choo
47,Yonder Alonso,2018.0,0.7890000000000001,2018 Yonder Alonso
48,Kyle Schwarber,2017.0,0.8089999999999999,2017 Kyle Schwarber
49,Jay Bruce,2016.0,0.7400000000000001,2016 Jay Bruce
50,Brian McCann,2016.0,0.843,2016 Brian McCann
51,Carlos Santana,2017.0,0.6399999999999999,2017 Carlos Santana
52,Mitch Moreland,2016.0,0.8540000000000002,2016 Mitch Moreland
53,Carlos Santana,2016.0,0.605,2016 Carlos Santana
54,Adrian Gonzalez,2016.0,0.701,2016 Adrian Gonzalez
55,Mike Moustakas,2018.0,0.7040000000000002,2018 Mike Moustakas
56,Max Kepler,2019.0,0.7739999999999999,2019 Max Kepler
57,Michael Conforto,2018.0,0.6279999999999999,2018 Michael Conforto
58,Charlie Blackmon,2019.0,0.703,2019 Charlie Blackmon
59,Ryan Howard,2015.0,0.8759999999999999,2015 Ryan Howard
60,Justin Smoak,2019.0,0.8109999999999999,2019 Justin Smoak
61,Brian McCann,2015.0,0.787,2015 Brian McCann
62,Michael Conforto,2019.0,0.6339999999999999,2019 Michael Conforto
63,Dexter Fowler,2019.0,0.6759999999999998,2019 Dexter Fowler
64,Bryce Harper,2018.0,0.5670000000000001,2018 Bryce Harper
65,Anthony Rizzo,2015.0,0.588,2015 Anthony Rizzo
66,Cody Bellinger,2018.0,0.6109999999999999,2018 Cody Bellinger
67,Joc Pederson,2019.0,0.7809999999999997,2019 Joc Pederson
68,Kyle Seager,2019.0,0.872,2019 Kyle Seager
69,Kyle Schwarber,2018.0,0.7390000000000001,2018 Kyle Schwarber
70,Kendrys Morales,2017.0,0.672,2017 Kendrys Morales
71,Shin-Soo Choo,2018.0,0.565,2018 Shin-Soo Choo
72,Mike Moustakas,2019.0,0.7,2019 Mike Moustakas
73,Kyle Seager,2016.0,0.604,2016 Kyle Seager
74,Eric Thames,2019.0,0.8279999999999997,2019 Eric Thames
75,Jackie Bradley Jr.,2019.0,0.7,2019 Jackie Bradley Jr.
76,Brandon Moss,2016.0,0.8470000000000002,2016 Brandon Moss
77,Mike Moustakas,2017.0,0.6890000000000002,2017 Mike Moustakas
78,Adam LaRoche,2015.0,0.8089999999999999,2015 Adam LaRoche
79,Carlos Gonzalez,2016.0,0.6490000000000001,2016 Carlos Gonzalez
80,Brandon Moss,2015.0,0.7340000000000001,2015 Brandon Moss
81,Eddie Rosario,2019.0,0.7290000000000001,2019 Eddie Rosario
82,Edwin Encarnacion,2016.0,0.5140000000000001,2016 Edwin Encarnacion
83,Curtis Granderson,2018.0,0.8510000000000002,2018 Curtis Granderson
84,Brandon Belt,2018.0,0.8060000000000002,2018 Brandon Belt
85,Alex Gordon,2018.0,0.672,2018 Alex Gordon
86,Mookie Betts,2019.0,0.503,2019 Mookie Betts
87,Rougned Odor,2018.0,0.736,2018 Rougned Odor
88,Cody Bellinger,2017.0,0.6579999999999999,2017 Cody Bellinger
89,Ji-Man Choi,2019.0,0.7159999999999999,2019 Ji-Man Choi
90,Hunter Renfroe,2019.0,0.7120000000000002,2019 Hunter Renfroe
91,Cavan Biggio,2019.0,0.7649999999999999,2019 Cavan Biggio
92,Rougned Odor,2017.0,0.5940000000000001,2017 Rougned Odor
93,Austin Meadows,2019.0,0.569,2019 Austin Meadows
94,Chris Davis,2019.0,0.932,2019 Chris Davis
95,Victor Martinez,2016.0,0.613,2016 Victor Martinez
96,Brandon Belt,2017.0,0.7640000000000001,2017 Brandon Belt
97,Eugenio Suarez,2019.0,0.519,2019 Eugenio Suarez
98,Justin Bour,2018.0,0.679,2018 Justin Bour
99,Edwin Encarnacion,2017.0,0.49100000000000005,2017 Edwin Encarnacion
100,Pedro Alvarez,2015.0,0.733,2015 Pedro Alvarez
101,Adrian Gonzalez,2015.0,0.565,2015 Adrian Gonzalez
102,Curtis Granderson,2019.0,0.8930000000000002,2019 Curtis Granderson
103,Eduardo Escobar,2019.0,0.52,2019 Eduardo Escobar
104,Kole Calhoun,2017.0,0.5539999999999999,2017 Kole Calhoun
105,Edwin Encarnacion,2018.0,0.608,2018 Edwin Encarnacion
106,Kris Bryant,2019.0,0.56,2019 Kris Bryant
107,Colby Rasmus,2015.0,0.692,2015 Colby Rasmus
108,Jorge Soler,2019.0,0.505,2019 Jorge Soler
109,Lucas Duda,2018.0,0.928,2018 Lucas Duda
110,Mitch Moreland,2018.0,0.787,2018 Mitch Moreland
111,Brandon Moss,2017.0,0.836,2017 Brandon Moss
112,Giancarlo Stanton,2017.0,0.49999999999999994,2017 Giancarlo Stanton
113,Yonder Alonso,2017.0,0.6579999999999999,2017 Yonder Alonso
114,Matt Joyce,2017.0,0.602,2017 Matt Joyce
115,Rhys Hoskins,2018.0,0.465,2018 Rhys Hoskins
116,Alex Gordon,2019.0,0.5779999999999998,2019 Alex Gordon
117,Victor Martinez,2018.0,0.7099999999999999,2018 Victor Martinez
118,Kendrys Morales,2016.0,0.5479999999999999,2016 Kendrys Morales
119,Joc Pederson,2016.0,0.673,2016 Joc Pederson
120,Seth Smith,2016.0,0.723,2016 Seth Smith
121,Jose Ramirez,2018.0,0.443,2018 Jose Ramirez
122,Ryan Howard,2016.0,0.9640000000000003,2016 Ryan Howard
123,Jason Heyward,2019.0,0.593,2019 Jason Heyward
124,Alex Gordon,2017.0,0.599,2017 Alex Gordon
125,Randal Grichuk,2019.0,0.544,2019 Randal Grichuk
126,Asdrubal Cabrera,2019.0,0.6279999999999999,2019 Asdrubal Cabrera
127,Eric Thames,2017.0,0.5589999999999999,2017 Eric Thames
128,Logan Morrison,2018.0,0.9000000000000001,2018 Logan Morrison
129,Mark Teixeira,2016.0,0.735,2016 Mark Teixeira
130,Brian McCann,2017.0,0.823,2017 Brian McCann
131,Joey Votto,2019.0,0.526,2019 Joey Votto
132,Colby Rasmus,2016.0,0.769,2016 Colby Rasmus
133,Freddie Freeman,2017.0,0.6689999999999999,2017 Freddie Freeman
134,Travis Shaw,2018.0,0.539,2018 Travis Shaw
135,Jake Lamb,2016.0,0.5329999999999999,2016 Jake Lamb
136,Joey Votto,2016.0,0.44200000000000006,2016 Joey Votto
137,Joey Gallo,2019.0,0.975,2019 Joey Gallo
138,Brian Dozier,2019.0,0.622,2019 Brian Dozier
139,Carlos Gonzalez,2017.0,0.655,2017 Carlos Gonzalez
140,Prince Fielder,2015.0,0.5110000000000001,2015 Prince Fielder
141,Pedro Alvarez,2016.0,0.8149999999999997,2016 Pedro Alvarez
142,Gary Sanchez,2019.0,0.6709999999999999,2019 Gary Sanchez
143,Kendrys Morales,2018.0,0.66,2018 Kendrys Morales
144,Carlos Gonzalez,2018.0,0.667,2018 Carlos Gonzalez
145,Jose Ramirez,2019.0,0.579,2019 Jose Ramirez
146,Todd Frazier,2019.0,0.631,2019 Todd Frazier
147,Stephen Vogt,2016.0,0.5890000000000001,2016 Stephen Vogt
148,Seth Smith,2017.0,0.787,2017 Seth Smith
149,Brian Dozier,2018.0,0.471,2018 Brian Dozier
150,Alex Avila,2017.0,0.7700000000000001,2017 Alex Avila
151,Carlos Beltran,2016.0,0.5660000000000001,2016 Carlos Beltran
152,Jackie Bradley Jr.,2018.0,0.57,2018 Jackie Bradley Jr.
153,Mitch Moreland,2015.0,0.607,2015 Mitch Moreland
154,Carlos Gonzalez,2015.0,0.552,2015 Carlos Gonzalez
155,Mitch Moreland,2019.0,0.911,2019 Mitch Moreland
156,Jay Bruce,2018.0,0.8620000000000001,2018 Jay Bruce
157,Aaron Hicks,2018.0,0.49,2018 Aaron Hicks
158,Jay Bruce,2015.0,0.47399999999999987,2015 Jay Bruce
159,Albert Pujols,2019.0,0.5760000000000001,2019 Albert Pujols
160,Jake Lamb,2017.0,0.4699999999999999,2017 Jake Lamb
161,Ozzie Albies,2019.0,0.481,2019 Ozzie Albies
162,Brandon Belt,2015.0,0.5160000000000001,2015 Brandon Belt
163,Edwin Encarnacion,2015.0,0.475,2015 Edwin Encarnacion
164,Kole Calhoun,2016.0,0.4770000000000001,2016 Kole Calhoun
165,Max Muncy,2018.0,0.5779999999999998,2018 Max Muncy
166,Yonder Alonso,2019.0,0.8710000000000001,2019 Yonder Alonso
167,Jason Kipnis,2019.0,0.602,2019 Jason Kipnis
168,Kyle Seager,2015.0,0.4670000000000001,2015 Kyle Seager
169,Mark Teixeira,2015.0,0.653,2015 Mark Teixeira
170,Justin Bour,2017.0,0.672,2017 Justin Bour
171,Seth Smith,2015.0,0.6140000000000001,2015 Seth Smith
172,Rowdy Tellez,2019.0,0.7290000000000001,2019 Rowdy Tellez
173,Michael Conforto,2017.0,0.635,2017 Michael Conforto
174,Kendrys Morales,2015.0,0.475,2015 Kendrys Morales
175,Daniel Palka,2018.0,0.6290000000000001,2018 Daniel Palka
176,Kris Bryant,2016.0,0.4289999999999999,2016 Kris Bryant
177,Luis Valbuena,2017.0,0.679,2017 Luis Valbuena
178,Christin Stewart,2019.0,0.7070000000000001,2019 Christin Stewart
179,Mike Trout,2019.0,0.45999999999999996,2019 Mike Trout
180,Luke Voit,2019.0,0.568,2019 Luke Voit
181,Mike Moustakas,2015.0,0.469,2015 Mike Moustakas
182,Josh Bell,2019.0,0.4670000000000001,2019 Josh Bell
183,Asdrubal Cabrera,2018.0,0.5090000000000001,2018 Asdrubal Cabrera
184,Carlos Beltran,2015.0,0.5489999999999999,2015 Carlos Beltran
185,Chris Carter,2016.0,0.41399999999999987,2016 Chris Carter
186,Michael Brantley,2019.0,0.48700000000000004,2019 Michael Brantley
187,Brian Dozier,2017.0,0.398,2017 Brian Dozier
188,Nomar Mazara,2018.0,0.5149999999999999,2018 Nomar Mazara
189,Albert Pujols,2017.0,0.45199999999999996,2017 Albert Pujols
190,Yasmani Grandal,2018.0,0.505,2018 Yasmani Grandal
191,Yasmani Grandal,2016.0,0.568,2016 Yasmani Grandal
192,Travis Shaw,2017.0,0.4670000000000001,2017 Travis Shaw
193,Chase Headley,2015.0,0.436,2015 Chase Headley
194,Eddie Rosario,2018.0,0.53,2018 Eddie Rosario
195,Jay Bruce,2019.0,0.9059999999999999,2019 Jay Bruce
196,Michael Saunders,2016.0,0.464,2016 Michael Saunders
197,Andrew McCutchen,2018.0,0.38099999999999995,2018 Andrew McCutchen
198,Victor Martinez,2017.0,0.6609999999999999,2017 Victor Martinez
199,Brian Dozier,2016.0,0.392,2016 Brian Dozier
200,Greg Bird,2018.0,0.8409999999999999,2018 Greg Bird
201,Albert Pujols,2015.0,0.4320000000000001,2015 Albert Pujols
202,Shin-Soo Choo,2017.0,0.426,2017 Shin-Soo Choo
203,Albert Pujols,2016.0,0.4300000000000001,2016 Albert Pujols
204,Matt Adams,2019.0,0.8260000000000002,2019 Matt Adams
205,Alex Bregman,2019.0,0.369,2019 Alex Bregman
206,Nomar Mazara,2019.0,0.563,2019 Nomar Mazara
207,Victor Martinez,2015.0,0.563,2015 Victor Martinez
208,Gregory Polanco,2018.0,0.485,2018 Gregory Polanco
209,Bryce Harper,2016.0,0.42100000000000004,2016 Bryce Harper
210,Miguel Sano,2019.0,0.5579999999999999,2019 Miguel Sano
211,Joc Pederson,2015.0,0.4320000000000001,2015 Joc Pederson
212,Brian McCann,2019.0,0.831,2019 Brian McCann
213,Ryan McMahon,2019.0,0.471,2019 Ryan McMahon
214,Prince Fielder,2016.0,0.7679999999999999,2016 Prince Fielder
215,Carlos Beltran,2017.0,0.547,2017 Carlos Beltran
216,Corey Seager,2019.0,0.551,2019 Corey Seager
217,Chase Utley,2016.0,0.47200000000000003,2016 Chase Utley
218,Charlie Blackmon,2018.0,0.38500000000000006,2018 Charlie Blackmon
219,Colin Moran,2019.0,0.58,2019 Colin Moran
220,Adam Lind,2015.0,0.46299999999999986,2015 Adam Lind
221,Curtis Granderson,2015.0,0.35,2015 Curtis Granderson
222,Yordan Alvarez,2019.0,0.6940000000000001,2019 Yordan Alvarez
223,Daniel Murphy,2019.0,0.569,2019 Daniel Murphy
224,Adam Lind,2016.0,0.6430000000000001,2016 Adam Lind
225,Chase Headley,2016.0,0.49300000000000005,2016 Chase Headley
226,Giancarlo Stanton,2018.0,0.35,2018 Giancarlo Stanton
227,Yoan Moncada,2019.0,0.46299999999999986,2019 Yoan Moncada
228,Logan Morrison,2016.0,0.6689999999999999,2016 Logan Morrison
229,Gleyber Torres,2019.0,0.424,2019 Gleyber Torres
230,Luis Valbuena,2018.0,0.812,2018 Luis Valbuena
231,Aaron Judge,2017.0,0.335,2017 Aaron Judge
232,Christian Yelich,2019.0,0.43799999999999994,2019 Christian Yelich
233,Todd Frazier,2018.0,0.49700000000000005,2018 Todd Frazier
234,Rafael Devers,2019.0,0.37799999999999995,2019 Rafael Devers
235,Kris Bryant,2017.0,0.375,2017 Kris Bryant
236,Joc Pederson,2018.0,0.539,2018 Joc Pederson
237,Luis Valbuena,2016.0,0.665,2016 Luis Valbuena
238,Jake Bauers,2019.0,0.564,2019 Jake Bauers
239,Omar Narvaez,2019.0,0.49899999999999994,2019 Omar Narvaez
240,Albert Pujols,2018.0,0.546,2018 Albert Pujols
241,Freddie Freeman,2015.0,0.526,2015 Freddie Freeman
242,Rio Ruiz,2019.0,0.6169999999999999,2019 Rio Ruiz
243,Alex Gordon,2016.0,0.4620000000000001,2016 Alex Gordon
244,Marcus Semien,2019.0,0.331,2019 Marcus Semien
245,Matt Adams,2016.0,0.732,2016 Matt Adams
246,Edwin Encarnacion,2019.0,0.455,2019 Edwin Encarnacion
247,Matt Kemp,2016.0,0.4020000000000001,2016 Matt Kemp
248,Eric Hosmer,2019.0,0.38200000000000006,2019 Eric Hosmer
249,Justin Smoak,2015.0,0.7709999999999999,2015 Justin Smoak
250,Jorge Polanco,2019.0,0.349,2019 Jorge Polanco
251,Matt Carpenter,2016.0,0.4039999999999999,2016 Matt Carpenter
252,Khris Davis,2019.0,0.4670000000000001,2019 Khris Davis
253,Josh Reddick,2019.0,0.48200000000000015,2019 Josh Reddick
254,Brandon Lowe,2019.0,0.732,2019 Brandon Lowe
255,Neil Walker,2019.0,0.638,2019 Neil Walker
256,Scott Schebler,2017.0,0.504,2017 Scott Schebler
257,Mike Yastrzemski,2019.0,0.579,2019 Mike Yastrzemski
258,Jason Kipnis,2018.0,0.38699999999999996,2018 Jason Kipnis
259,Max Kepler,2018.0,0.39899999999999997,2018 Max Kepler
260,Chase Headley,2017.0,0.4020000000000001,2017 Chase Headley
261,Niko Goodrum,2019.0,0.4770000000000001,2019 Niko Goodrum
262,Matt Adams,2018.0,0.743,2018 Matt Adams
263,Joey Votto,2018.0,0.3720000000000001,2018 Joey Votto
264,Jeimer Candelario,2018.0,0.34700000000000003,2018 Jeimer Candelario
265,Michael Conforto,2016.0,0.6569999999999999,2016 Michael Conforto
266,Brett Wallace,2016.0,0.8460000000000001,2016 Brett Wallace
267,Dee Gordon,2015.0,0.4109999999999999,2015 Dee Gordon
268,Trevor Story,2019.0,0.344,2019 Trevor Story
269,Jason Castro,2016.0,0.6099999999999999,2016 Jason Castro
270,Didi Gregorius,2019.0,0.6689999999999999,2019 Didi Gregorius
271,Andrew Benintendi,2019.0,0.375,2019 Andrew Benintendi
272,David Dahl,2019.0,0.568,2019 David Dahl
273,Matt Chapman,2019.0,0.325,2019 Matt Chapman
274,Jackie Bradley Jr.,2017.0,0.44600000000000006,2017 Jackie Bradley Jr.
275,Yasmani Grandal,2017.0,0.4730000000000001,2017 Yasmani Grandal
276,Kole Calhoun,2015.0,0.35400000000000004,2015 Kole Calhoun
277,Travis Shaw,2016.0,0.42100000000000004,2016 Travis Shaw
278,Ryan O'Hearn,2019.0,0.5920000000000001,2019 Ryan O'Hearn
279,Stephen Vogt,2015.0,0.42200000000000004,2015 Stephen Vogt
280,Jackie Bradley Jr.,2016.0,0.35100000000000003,2016 Jackie Bradley Jr.
281,Nomar Mazara,2017.0,0.36,2017 Nomar Mazara
282,Mike Trout,2018.0,0.345,2018 Mike Trout
283,Colin Moran,2018.0,0.51,2018 Colin Moran
284,Wil Myers,2019.0,0.4300000000000001,2019 Wil Myers
285,Willie Calhoun,2019.0,0.682,2019 Willie Calhoun
286,J.P. Crawford,2019.0,0.508,2019 J.P. Crawford
287,Teoscar Hernandez,2019.0,0.45199999999999996,2019 Teoscar Hernandez
288,Eric Thames,2018.0,0.778,2018 Eric Thames
289,Renato Nunez,2019.0,0.353,2019 Renato Nunez
290,Justin Smoak,2016.0,0.63,2016 Justin Smoak
291,Giancarlo Stanton,2016.0,0.4559999999999999,2016 Giancarlo Stanton
292,Alex Avila,2018.0,0.8590000000000002,2018 Alex Avila
293,Josh Reddick,2015.0,0.371,2015 Josh Reddick
294,Luis Valbuena,2015.0,0.41200000000000014,2015 Luis Valbuena
295,Billy Hamilton,2015.0,0.504,2015 Billy Hamilton
296,Aaron Judge,2019.0,0.44,2019 Aaron Judge
297,Shohei Ohtani,2019.0,0.49999999999999994,2019 Shohei Ohtani
298,Matt Adams,2017.0,0.585,2017 Matt Adams
299,Ronald Guzman,2018.0,0.484,2018 Ronald Guzman
300,Jeimer Candelario,2019.0,0.5110000000000001,2019 Jeimer Candelario
301,Stephen Vogt,2019.0,0.737,2019 Stephen Vogt
302,Kolten Wong,2019.0,0.4099999999999999,2019 Kolten Wong
303,Jake Bauers,2018.0,0.5140000000000001,2018 Jake Bauers
304,Jose Bautista,2017.0,0.276,2017 Jose Bautista
305,Jurickson Profar,2019.0,0.39899999999999997,2019 Jurickson Profar
306,Kris Bryant,2018.0,0.471,2018 Kris Bryant
307,Mike Zunino,2019.0,0.69,2019 Mike Zunino
308,Aaron Judge,2018.0,0.386,2018 Aaron Judge
309,Jed Lowrie,2018.0,0.299,2018 Jed Lowrie
310,Matt Joyce,2018.0,0.8199999999999998,2018 Matt Joyce
311,Adam Duvall,2017.0,0.32899999999999996,2017 Adam Duvall
312,Nicholas Castellanos,2019.0,0.335,2019 Nicholas Castellanos
313,Justin Bour,2016.0,0.637,2016 Justin Bour
314,Josh Naylor,2019.0,0.7049999999999998,2019 Josh Naylor
315,Shin-Soo Choo,2015.0,0.312,2015 Shin-Soo Choo
316,Paul DeJong,2019.0,0.315,2019 Paul DeJong
317,Josh Reddick,2016.0,0.471,2016 Josh Reddick
318,Stephen Drew,2015.0,0.48700000000000004,2015 Stephen Drew
319,Logan Morrison,2015.0,0.41399999999999987,2015 Logan Morrison
320,Matt Kemp,2015.0,0.315,2015 Matt Kemp
321,Josh Bell,2018.0,0.33699999999999997,2018 Josh Bell
322,Rougned Odor,2016.0,0.36399999999999993,2016 Rougned Odor
323,Yoan Moncada,2018.0,0.295,2018 Yoan Moncada
324,Alex Avila,2019.0,0.9229999999999997,2019 Alex Avila
325,Alex Avila,2016.0,0.8329999999999999,2016 Alex Avila
326,Jed Lowrie,2017.0,0.304,2017 Jed Lowrie
327,Matt Wieters,2016.0,0.4670000000000001,2016 Matt Wieters
328,Jose Bautista,2015.0,0.28600000000000003,2015 Jose Bautista
329,Chris Carter,2015.0,0.4,2015 Chris Carter
330,Jarrod Saltalamacchia,2016.0,0.667,2016 Jarrod Saltalamacchia
331,Nolan Arenado,2016.0,0.285,2016 Nolan Arenado
332,Travis Shaw,2019.0,0.662,2019 Travis Shaw
333,Alex Avila,2015.0,0.7950000000000003,2015 Alex Avila
334,Juan Soto,2019.0,0.27899999999999997,2019 Juan Soto
335,Brandon Crawford,2019.0,0.35799999999999993,2019 Brandon Crawford
336,Yonder Alonso,2016.0,0.4130000000000001,2016 Yonder Alonso
337,Jesse Winker,2019.0,0.51,2019 Jesse Winker
338,Joey Votto,2017.0,0.284,2017 Joey Votto
339,Yangervis Solarte,2018.0,0.436,2018 Yangervis Solarte
340,Ronald Acuna Jr.,2019.0,0.253,2019 Ronald Acuna Jr.
341,Jose Bautista,2018.0,0.44700000000000006,2018 Jose Bautista
342,J.D. Martinez,2018.0,0.306,2018 J.D. Martinez
343,Gary Sanchez,2018.0,0.503,2018 Gary Sanchez
344,Evan Longoria,2016.0,0.30499999999999994,2016 Evan Longoria
345,Stephen Vogt,2017.0,0.621,2017 Stephen Vogt
346,Billy Hamilton,2017.0,0.304,2017 Billy Hamilton
347,Adam Lind,2017.0,0.65,2017 Adam Lind
348,Eugenio Suarez,2018.0,0.312,2018 Eugenio Suarez
349,Josh Donaldson,2016.0,0.256,2016 Josh Donaldson
350,Neil Walker,2018.0,0.47600000000000003,2018 Neil Walker
351,Shohei Ohtani,2018.0,0.5169999999999999,2018 Shohei Ohtani
352,Joc Pederson,2017.0,0.552,2017 Joc Pederson
353,Derek Dietrich,2019.0,0.626,2019 Derek Dietrich
354,Marwin Gonzalez,2019.0,0.42100000000000004,2019 Marwin Gonzalez
355,Eduardo Escobar,2018.0,0.304,2018 Eduardo Escobar
356,Brian Goodwin,2019.0,0.37700000000000006,2019 Brian Goodwin
357,Alex Gordon,2015.0,0.441,2015 Alex Gordon
358,Eric Hosmer,2017.0,0.28800000000000003,2017 Eric Hosmer
359,Bryce Harper,2015.0,0.276,2015 Bryce Harper
360,Matt Joyce,2019.0,0.742,2019 Matt Joyce
361,Mike Zunino,2018.0,0.4320000000000001,2018 Mike Zunino
362,Anthony Santander,2019.0,0.44600000000000006,2019 Anthony Santander
363,Jake Lamb,2019.0,0.787,2019 Jake Lamb
364,Robinson Cano,2016.0,0.287,2016 Robinson Cano
365,Corey Dickerson,2017.0,0.292,2017 Corey Dickerson
366,Freddy Galvis,2019.0,0.31699999999999995,2019 Freddy Galvis
367,Robinson Cano,2019.0,0.49,2019 Robinson Cano
368,Justin Bour,2015.0,0.42500000000000004,2015 Justin Bour
369,Brian McCann,2018.0,0.861,2018 Brian McCann
370,Brian Dozier,2015.0,0.254,2015 Brian Dozier
371,David Peralta,2015.0,0.374,2015 David Peralta
372,Bryce Harper,2017.0,0.365,2017 Bryce Harper
373,Gary Sanchez,2017.0,0.353,2017 Gary Sanchez
374,Andrew Benintendi,2018.0,0.27699999999999997,2018 Andrew Benintendi
375,Billy Hamilton,2018.0,0.334,2018 Billy Hamilton
376,Ronald Acuna Jr.,2018.0,0.359,2018 Ronald Acuna Jr.
377,Avisail Garcia,2019.0,0.37599999999999995,2019 Avisail Garcia
378,Michael Brantley,2018.0,0.311,2018 Michael Brantley
379,Ozzie Albies,2018.0,0.298,2018 Ozzie Albies
380,Andrew McCutchen,2016.0,0.259,2016 Andrew McCutchen
381,Joey Votto,2015.0,0.23400000000000004,2015 Joey Votto
382,Nelson Cruz,2019.0,0.332,2019 Nelson Cruz
383,Billy Hamilton,2016.0,0.3960000000000001,2016 Billy Hamilton
384,Josh Reddick,2018.0,0.368,2018 Josh Reddick
385,Khris Davis,2018.0,0.27699999999999997,2018 Khris Davis
386,J.T. Realmuto,2019.0,0.298,2019 J.T. Realmuto
387,Ian Happ,2018.0,0.36200000000000004,2018 Ian Happ
388,Hunter Dozier,2019.0,0.30499999999999994,2019 Hunter Dozier
389,Matt Wieters,2017.0,0.38699999999999996,2017 Matt Wieters
390,Paul Goldschmidt,2019.0,0.23800000000000002,2019 Paul Goldschmidt
391,Eloy Jimenez,2019.0,0.36700000000000005,2019 Eloy Jimenez
392,Francisco Lindor,2019.0,0.282,2019 Francisco Lindor
393,Matt Joyce,2015.0,0.636,2015 Matt Joyce
394,Ronald Guzman,2019.0,0.5579999999999999,2019 Ronald Guzman
395,Derek Dietrich,2018.0,0.31399999999999995,2018 Derek Dietrich
396,Mitch Haniger,2018.0,0.24899999999999997,2018 Mitch Haniger
397,Dee Gordon,2017.0,0.282,2017 Dee Gordon
398,Jason Castro,2019.0,0.587,2019 Jason Castro
399,Scott Schebler,2018.0,0.4270000000000001,2018 Scott Schebler
400,Aaron Hicks,2019.0,0.627,2019 Aaron Hicks
401,Adam Duvall,2018.0,0.406,2018 Adam Duvall
402,Yoenis Cespedes,2016.0,0.303,2016 Yoenis Cespedes
403,Jake Lamb,2018.0,0.679,2018 Jake Lamb
404,J.D. Martinez,2019.0,0.26699999999999996,2019 J.D. Martinez
405,Kendrys Morales,2019.0,0.7850000000000001,2019 Kendrys Morales
406,Adam Eaton,2016.0,0.244,2016 Adam Eaton
407,Evan Longoria,2019.0,0.32299999999999995,2019 Evan Longoria
408,Kevin Kiermaier,2019.0,0.365,2019 Kevin Kiermaier
409,Todd Frazier,2017.0,0.261,2017 Todd Frazier
410,Pete Alonso,2019.0,0.23499999999999996,2019 Pete Alonso
411,Eric Hosmer,2018.0,0.252,2018 Eric Hosmer
412,Alex Rodriguez,2015.0,0.25700000000000006,2015 Alex Rodriguez
413,Max Kepler,2017.0,0.302,2017 Max Kepler
414,Matt Joyce,2016.0,0.49100000000000005,2016 Matt Joyce
415,Mark Reynolds,2016.0,0.348,2016 Mark Reynolds
416,Billy McKinney,2019.0,0.6109999999999999,2019 Billy McKinney
417,Yoenis Cespedes,2015.0,0.233,2015 Yoenis Cespedes
418,Dexter Fowler,2018.0,0.45999999999999996,2018 Dexter Fowler
419,Robinson Cano,2017.0,0.273,2017 Robinson Cano
420,Yasmani Grandal,2015.0,0.35400000000000004,2015 Yasmani Grandal
421,Lucas Duda,2016.0,0.9059999999999999,2016 Lucas Duda
422,C.J. Cron,2019.0,0.322,2019 C.J. Cron
423,Josh Donaldson,2019.0,0.22599999999999998,2019 Josh Donaldson
424,Randal Grichuk,2018.0,0.345,2018 Randal Grichuk
425,Carson Kelly,2019.0,0.38999999999999996,2019 Carson Kelly
426,Maikel Franco,2016.0,0.273,2016 Maikel Franco
427,Alex Bregman,2018.0,0.217,2018 Alex Bregman
428,Tucker Barnhart,2019.0,0.4320000000000001,2019 Tucker Barnhart
429,Jeff McNeil,2019.0,0.29600000000000004,2019 Jeff McNeil
430,Ryan Schimpf,2017.0,0.72,2017 Ryan Schimpf
431,John Jaso,2016.0,0.359,2016 John Jaso
432,A.J. Pollock,2019.0,0.485,2019 A.J. Pollock
433,Hunter Renfroe,2018.0,0.353,2018 Hunter Renfroe
434,Justin Bour,2019.0,0.8340000000000001,2019 Justin Bour
435,Tom Murphy,2019.0,0.49300000000000005,2019 Tom Murphy
436,Kyle Schwarber,2015.0,0.519,2015 Kyle Schwarber
437,Andrew McCutchen,2017.0,0.22999999999999998,2017 Andrew McCutchen
438,Evan Longoria,2015.0,0.23699999999999993,2015 Evan Longoria
439,Miguel Montero,2015.0,0.365,2015 Miguel Montero
440,Francisco Lindor,2018.0,0.20399999999999993,2018 Francisco Lindor
441,Dee Gordon,2018.0,0.299,2018 Dee Gordon
442,John Jaso,2017.0,0.45799999999999996,2017 John Jaso
443,Asdrubal Cabrera,2015.0,0.287,2015 Asdrubal Cabrera
444,Chance Sisco,2019.0,0.695,2019 Chance Sisco
445,Mike Napoli,2016.0,0.20100000000000004,2016 Mike Napoli
446,Jason Heyward,2016.0,0.259,2016 Jason Heyward
447,Paul Goldschmidt,2018.0,0.203,2018 Paul Goldschmidt
448,Jose Bautista,2016.0,0.268,2016 Jose Bautista
449,Matt Chapman,2018.0,0.23100000000000004,2018 Matt Chapman
450,Todd Frazier,2016.0,0.213,2016 Todd Frazier
451,Jason Heyward,2018.0,0.321,2018 Jason Heyward
452,Ketel Marte,2019.0,0.244,2019 Ketel Marte
453,Tony Wolters,2019.0,0.37799999999999995,2019 Tony Wolters
454,Matt Olson,2017.0,0.636,2017 Matt Olson
455,Jorge Polanco,2018.0,0.4130000000000001,2018 Jorge Polanco
456,Jason Castro,2015.0,0.39299999999999996,2015 Jason Castro
457,Danny Jansen,2019.0,0.398,2019 Danny Jansen
458,Nelson Cruz,2018.0,0.254,2018 Nelson Cruz
459,Nelson Cruz,2015.0,0.22,2015 Nelson Cruz
460,Josh Reddick,2017.0,0.28300000000000003,2017 Josh Reddick
461,Adam Eaton,2015.0,0.20699999999999993,2015 Adam Eaton
462,Clint Robinson,2015.0,0.4130000000000001,2015 Clint Robinson
463,Daniel Descalso,2018.0,0.33299999999999996,2018 Daniel Descalso
464,Corey Seager,2017.0,0.256,2017 Corey Seager
465,Adam Duvall,2016.0,0.25800000000000006,2016 Adam Duvall
466,Bryan Reynolds,2019.0,0.26400000000000007,2019 Bryan Reynolds
467,Alex Verdugo,2019.0,0.389,2019 Alex Verdugo
468,Jason Castro,2017.0,0.34700000000000003,2017 Jason Castro
469,Mitch Haniger,2019.0,0.466,2019 Mitch Haniger
470,Salvador Perez,2018.0,0.295,2018 Salvador Perez
471,Ben Zobrist,2018.0,0.281,2018 Ben Zobrist
472,Robbie Grossman,2019.0,0.299,2019 Robbie Grossman
473,Oswaldo Arcia,2016.0,0.6140000000000001,2016 Oswaldo Arcia
474,Leonys Martin,2019.0,0.552,2019 Leonys Martin
475,Victor Caratini,2019.0,0.507,2019 Victor Caratini
476,Cesar Hernandez,2019.0,0.21600000000000005,2019 Cesar Hernandez
477,David Peralta,2019.0,0.359,2019 David Peralta
478,Nicky Delmonico,2018.0,0.45000000000000007,2018 Nicky Delmonico
479,DJ LeMahieu,2017.0,0.209,2017 DJ LeMahieu
480,Mark Canha,2019.0,0.26599999999999996,2019 Mark Canha
481,Nelson Cruz,2016.0,0.20399999999999993,2016 Nelson Cruz
482,Nicholas Castellanos,2018.0,0.22799999999999995,2018 Nicholas Castellanos
483,Adrian Gonzalez,2017.0,0.6200000000000001,2017 Adrian Gonzalez
484,Billy Burns,2015.0,0.285,2015 Billy Burns
485,Didi Gregorius,2018.0,0.26599999999999996,2018 Didi Gregorius
486,Steve Pearce,2017.0,0.4030000000000001,2017 Steve Pearce
487,Matt Davidson,2018.0,0.26,2018 Matt Davidson
488,Khris Davis,2016.0,0.23600000000000002,2016 Khris Davis
489,Austin Hedges,2019.0,0.4,2019 Austin Hedges
490,Chase Utley,2015.0,0.33899999999999997,2015 Chase Utley
491,Khris Davis,2017.0,0.212,2017 Khris Davis
492,Corey Dickerson,2016.0,0.26,2016 Corey Dickerson
493,Mike Trout,2016.0,0.18100000000000002,2016 Mike Trout
494,Evan Longoria,2018.0,0.282,2018 Evan Longoria
495,Ender Inciarte,2015.0,0.282,2015 Ender Inciarte
496,Eric Hosmer,2016.0,0.21100000000000002,2016 Eric Hosmer
497,Mike Zunino,2017.0,0.301,2017 Mike Zunino
498,Tommy La Stella,2019.0,0.44700000000000006,2019 Tommy La Stella
499,Mike Ford,2019.0,0.8190000000000001,2019 Mike Ford
500,Matt Beaty,2019.0,0.551,2019 Matt Beaty
501,Brandon Nimmo,2019.0,0.4920000000000001,2019 Brandon Nimmo
502,Ian Kinsler,2018.0,0.256,2018 Ian Kinsler
503,Andrew McCutchen,2015.0,0.19199999999999998,2015 Andrew McCutchen
504,Billy Hamilton,2019.0,0.37799999999999995,2019 Billy Hamilton
505,Kirk Nieuwenhuis,2016.0,0.319,2016 Kirk Nieuwenhuis
506,Neil Walker,2016.0,0.28600000000000003,2016 Neil Walker
507,Josh VanMeter,2019.0,0.4920000000000001,2019 Josh VanMeter
508,Marcus Semien,2016.0,0.203,2016 Marcus Semien
509,Robinson Chirinos,2019.0,0.303,2019 Robinson Chirinos
510,Kennys Vargas,2017.0,0.465,2017 Kennys Vargas
511,Xander Bogaerts,2019.0,0.18199999999999997,2019 Xander Bogaerts
512,Nick Markakis,2019.0,0.27699999999999997,2019 Nick Markakis
513,Nick Markakis,2018.0,0.18500000000000003,2018 Nick Markakis
514,John Jaso,2015.0,0.5940000000000001,2015 John Jaso
515,Adalberto Mondesi,2019.0,0.31999999999999995,2019 Adalberto Mondesi
516,Daniel Murphy,2017.0,0.23600000000000002,2017 Daniel Murphy
517,Justin Upton,2018.0,0.20199999999999996,2018 Justin Upton
518,Michael Saunders,2017.0,0.519,2017 Michael Saunders
519,Marwin Gonzalez,2018.0,0.22899999999999998,2018 Marwin Gonzalez
520,Ramon Laureano,2019.0,0.259,2019 Ramon Laureano
521,Joe Panik,2019.0,0.27,2019 Joe Panik
522,Miguel Montero,2016.0,0.44500000000000006,2016 Miguel Montero
523,Joe Mauer,2018.0,0.22300000000000003,2018 Joe Mauer
524,Randal Grichuk,2016.0,0.273,2016 Randal Grichuk
525,Yangervis Solarte,2017.0,0.28300000000000003,2017 Yangervis Solarte
526,Jimmy Rollins,2015.0,0.23499999999999996,2015 Jimmy Rollins
527,Kris Bryant,2015.0,0.18899999999999997,2015 Kris Bryant
528,Niko Goodrum,2018.0,0.256,2018 Niko Goodrum
529,Andrew Benintendi,2017.0,0.197,2017 Andrew Benintendi
530,Josh Bell,2017.0,0.19499999999999998,2017 Josh Bell
531,Denard Span,2018.0,0.25700000000000006,2018 Denard Span
532,Greg Bird,2017.0,0.6859999999999999,2017 Greg Bird
533,Gregory Polanco,2016.0,0.20600000000000007,2016 Gregory Polanco
534,Dominic Smith,2019.0,0.6449999999999999,2019 Dominic Smith
535,Preston Tucker,2015.0,0.38500000000000006,2015 Preston Tucker
536,Nomar Mazara,2016.0,0.217,2016 Nomar Mazara
537,Juan Soto,2018.0,0.24100000000000008,2018 Juan Soto
538,Matt Thaiss,2019.0,0.688,2019 Matt Thaiss
539,Rafael Devers,2018.0,0.26699999999999996,2018 Rafael Devers
540,Ben Zobrist,2016.0,0.184,2016 Ben Zobrist
541,Asdrubal Cabrera,2016.0,0.23400000000000004,2016 Asdrubal Cabrera
542,Troy Tulowitzki,2016.0,0.232,2016 Troy Tulowitzki
543,Eric Hosmer,2015.0,0.19000000000000003,2015 Eric Hosmer
544,Chris Young,2015.0,0.33999999999999997,2015 Chris Young
545,Ryan Schimpf,2016.0,0.32899999999999996,2016 Ryan Schimpf
546,Nolan Arenado,2019.0,0.2,2019 Nolan Arenado
547,Yangervis Solarte,2016.0,0.301,2016 Yangervis Solarte
548,Josh Donaldson,2015.0,0.16899999999999996,2015 Josh Donaldson
549,Josh Donaldson,2017.0,0.22500000000000003,2017 Josh Donaldson
550,Scott Kingery,2019.0,0.24,2019 Scott Kingery
551,Preston Tucker,2018.0,0.6609999999999999,2018 Preston Tucker
552,Jesus Aguilar,2019.0,0.311,2019 Jesus Aguilar
553,Pablo Sandoval,2019.0,0.41399999999999987,2019 Pablo Sandoval
554,J.D. Martinez,2015.0,0.18,2015 J.D. Martinez
555,Neil Walker,2017.0,0.2750000000000001,2017 Neil Walker
556,DJ LeMahieu,2019.0,0.19000000000000003,2019 DJ LeMahieu
557,Jordan Luplow,2019.0,0.4190000000000001,2019 Jordan Luplow
558,Will Smith,2019.0,0.5579999999999999,2019 Will Smith
559,Joe Mauer,2017.0,0.17800000000000005,2017 Joe Mauer
560,Travis Shaw,2015.0,0.45199999999999996,2015 Travis Shaw
561,Christian Villanueva,2018.0,0.293,2018 Christian Villanueva
562,Javier Baez,2016.0,0.27399999999999997,2016 Javier Baez
563,Shin-Soo Choo,2016.0,0.544,2016 Shin-Soo Choo
564,Miguel Sano,2016.0,0.22,2016 Miguel Sano
565,Nicholas Castellanos,2017.0,0.17700000000000002,2017 Nicholas Castellanos
566,Dioner Navarro,2016.0,0.33999999999999997,2016 Dioner Navarro
567,Marcell Ozuna,2019.0,0.20199999999999996,2019 Marcell Ozuna
568,Eric Sogard,2019.0,0.261,2019 Eric Sogard
569,Brandon Crawford,2016.0,0.193,2016 Brandon Crawford
570,A.J. Pierzynski,2015.0,0.313,2015 A.J. Pierzynski
571,Pedro Alvarez,2018.0,0.8470000000000002,2018 Pedro Alvarez
572,Daniel Descalso,2019.0,0.555,2019 Daniel Descalso
573,Jarrod Saltalamacchia,2015.0,0.49300000000000005,2015 Jarrod Saltalamacchia
574,Mike Napoli,2017.0,0.212,2017 Mike Napoli
575,Jake Lamb,2015.0,0.2910000000000001,2015 Jake Lamb
576,Nolan Arenado,2018.0,0.174,2018 Nolan Arenado
577,C.J. Cron,2018.0,0.20800000000000002,2018 C.J. Cron
578,Jesus Aguilar,2018.0,0.18500000000000003,2018 Jesus Aguilar
579,Dexter Fowler,2016.0,0.18500000000000003,2016 Dexter Fowler
580,Ryan Flaherty,2015.0,0.391,2015 Ryan Flaherty
581,Brandon Nimmo,2018.0,0.19800000000000004,2018 Brandon Nimmo
582,Robbie Grossman,2018.0,0.23499999999999996,2018 Robbie Grossman
583,DJ LeMahieu,2018.0,0.20399999999999993,2018 DJ LeMahieu
584,Matt Wieters,2019.0,0.586,2019 Matt Wieters
585,Christian Walker,2019.0,0.18500000000000003,2019 Christian Walker
586,Gregory Polanco,2019.0,0.6569999999999999,2019 Gregory Polanco
587,Ryon Healy,2018.0,0.232,2018 Ryon Healy
588,Gleyber Torres,2018.0,0.22799999999999995,2018 Gleyber Torres
589,Kurt Suzuki,2019.0,0.42200000000000004,2019 Kurt Suzuki
590,Josh Hamilton,2015.0,0.6569999999999999,2015 Josh Hamilton
591,James Loney,2016.0,0.3549999999999999,2016 James Loney
592,Corey Seager,2016.0,0.17600000000000005,2016 Corey Seager
593,Brett Gardner,2019.0,0.18600000000000005,2019 Brett Gardner
594,Ryon Healy,2017.0,0.19399999999999998,2017 Ryon Healy
595,Miguel Cabrera,2019.0,0.217,2019 Miguel Cabrera
596,Lucas Duda,2019.0,0.8409999999999999,2019 Lucas Duda
597,Willy Adames,2019.0,0.18799999999999997,2019 Willy Adames
598,Eugenio Suarez,2016.0,0.16999999999999998,2016 Eugenio Suarez
599,Corey Dickerson,2018.0,0.22100000000000003,2018 Corey Dickerson
600,Leonys Martin,2016.0,0.196,2016 Leonys Martin
601,Marcus Semien,2018.0,0.152,2018 Marcus Semien
602,Jarrod Dyson,2016.0,0.36099999999999993,2016 Jarrod Dyson
603,DJ Stewart,2019.0,0.7679999999999999,2019 DJ Stewart
604,Nate Lowe,2019.0,0.623,2019 Nate Lowe
605,Domingo Santana,2019.0,0.20499999999999996,2019 Domingo Santana
606,Brandon Drury,2019.0,0.244,2019 Brandon Drury
607,Ji-Man Choi,2018.0,0.4730000000000001,2018 Ji-Man Choi
608,Jose Altuve,2019.0,0.217,2019 Jose Altuve
609,Logan Forsythe,2019.0,0.26,2019 Logan Forsythe
610,Victor Robles,2019.0,0.18899999999999997,2019 Victor Robles
611,Danny Espinosa,2016.0,0.187,2016 Danny Espinosa
612,Raimel Tapia,2019.0,0.26699999999999996,2019 Raimel Tapia
613,Francisco Mejia,2019.0,0.48,2019 Francisco Mejia
614,Jurickson Profar,2018.0,0.18500000000000003,2018 Jurickson Profar
615,Devin Mesoraco,2018.0,0.4050000000000001,2018 Devin Mesoraco
616,Zack Collins,2019.0,0.9510000000000001,2019 Zack Collins
617,Michael Chavis,2019.0,0.2889999999999999,2019 Michael Chavis
618,Kevin Kiermaier,2018.0,0.318,2018 Kevin Kiermaier
619,James Loney,2015.0,0.32899999999999996,2015 James Loney
620,Austin Riley,2019.0,0.3829999999999999,2019 Austin Riley
621,Dominic Smith,2017.0,0.5779999999999998,2017 Dominic Smith
622,Trevor Story,2018.0,0.168,2018 Trevor Story
623,Justin Upton,2019.0,0.3789999999999999,2019 Justin Upton
624,A.J. Pollock,2018.0,0.248,2018 A.J. Pollock
625,Pedro Severino,2019.0,0.30499999999999994,2019 Pedro Severino
626,Mike Trout,2015.0,0.14300000000000002,2015 Mike Trout
627,Scooter Gennett,2018.0,0.172,2018 Scooter Gennett
628,Tucker Barnhart,2018.0,0.21500000000000005,2018 Tucker Barnhart
629,Melky Cabrera,2019.0,0.308,2019 Melky Cabrera
630,Logan Forsythe,2016.0,0.17800000000000005,2016 Logan Forsythe
631,Dominic Smith,2018.0,0.73,2018 Dominic Smith
632,Hank Conger,2016.0,0.7290000000000001,2016 Hank Conger
633,Eugenio Suarez,2017.0,0.156,2017 Eugenio Suarez
634,Marlon Byrd,2015.0,0.21100000000000002,2015 Marlon Byrd
635,Sandy Leon,2017.0,0.33699999999999997,2017 Sandy Leon
636,Matt Wieters,2018.0,0.389,2018 Matt Wieters
637,Matt Adams,2015.0,0.599,2015 Matt Adams
638,Asdrubal Cabrera,2017.0,0.20100000000000004,2017 Asdrubal Cabrera
639,Nick Ahmed,2019.0,0.17600000000000005,2019 Nick Ahmed
640,David Peralta,2017.0,0.193,2017 David Peralta
641,Ben Zobrist,2017.0,0.213,2017 Ben Zobrist
642,Danny Espinosa,2017.0,0.37299999999999994,2017 Danny Espinosa
643,George Springer,2019.0,0.17899999999999996,2019 George Springer
644,Robinson Cano,2018.0,0.32600000000000007,2018 Robinson Cano
645,Adrian Gonzalez,2018.0,0.5940000000000001,2018 Adrian Gonzalez
646,Mookie Betts,2018.0,0.158,2018 Mookie Betts
647,Jake Cave,2019.0,0.4440000000000001,2019 Jake Cave
648,Andrew McCutchen,2019.0,0.35,2019 Andrew McCutchen
649,Franmil Reyes,2019.0,0.193,2019 Franmil Reyes
650,Miguel Sano,2017.0,0.20600000000000007,2017 Miguel Sano
651,Chris Young,2017.0,0.366,2017 Chris Young
652,Derek Fisher,2019.0,0.605,2019 Derek Fisher
653,Mitch Haniger,2017.0,0.253,2017 Mitch Haniger
654,Kevin Pillar,2019.0,0.19000000000000003,2019 Kevin Pillar
655,Harrison Bader,2019.0,0.233,2019 Harrison Bader
656,Maikel Franco,2017.0,0.173,2017 Maikel Franco
657,Brandon Crawford,2018.0,0.18199999999999997,2018 Brandon Crawford
658,Evan Longoria,2017.0,0.162,2017 Evan Longoria
659,Yan Gomes,2018.0,0.23499999999999996,2018 Yan Gomes
660,Giancarlo Stanton,2015.0,0.33,2015 Giancarlo Stanton
661,Brandon Dixon,2019.0,0.242,2019 Brandon Dixon
662,Adam Frazier,2019.0,0.174,2019 Adam Frazier
663,Steve Pearce,2015.0,0.32899999999999996,2015 Steve Pearce
664,Garrett Jones,2015.0,0.684,2015 Garrett Jones
665,Wil Myers,2016.0,0.138,2016 Wil Myers
666,Danny Santana,2019.0,0.20499999999999996,2019 Danny Santana
667,Sandy Leon,2016.0,0.33299999999999996,2016 Sandy Leon
668,Jason Heyward,2017.0,0.22999999999999998,2017 Jason Heyward
669,Scott Schebler,2016.0,0.38099999999999995,2016 Scott Schebler
670,Yasiel Puig,2019.0,0.17700000000000002,2019 Yasiel Puig
671,Wil Myers,2017.0,0.14800000000000002,2017 Wil Myers
672,Danny Valencia,2016.0,0.196,2016 Danny Valencia
673,Mark Reynolds,2015.0,0.22,2015 Mark Reynolds
674,Leonys Martin,2018.0,0.28800000000000003,2018 Leonys Martin
675,Yuli Gurriel,2019.0,0.18799999999999997,2019 Yuli Gurriel
676,Brad Miller,2016.0,0.16899999999999996,2016 Brad Miller
677,Daniel Murphy,2016.0,0.18899999999999997,2016 Daniel Murphy
678,Miguel Montero,2017.0,0.457,2017 Miguel Montero
679,David Peralta,2018.0,0.172,2018 David Peralta
680,Ike Davis,2015.0,0.41600000000000004,2015 Ike Davis
681,Justin Upton,2015.0,0.154,2015 Justin Upton
682,Tommy Edman,2019.0,0.281,2019 Tommy Edman
683,Jarrod Dyson,2017.0,0.271,2017 Jarrod Dyson
684,Mitch Garver,2019.0,0.254,2019 Mitch Garver
685,Chris Carter,2017.0,0.4289999999999999,2017 Chris Carter
686,Nelson Cruz,2017.0,0.154,2017 Nelson Cruz
687,J.D. Martinez,2016.0,0.18799999999999997,2016 J.D. Martinez
688,Jason Kipnis,2016.0,0.138,2016 Jason Kipnis
689,A.J. Pierzynski,2016.0,0.459,2016 A.J. Pierzynski
690,Andrew Knapp,2019.0,0.588,2019 Andrew Knapp
691,Colby Rasmus,2017.0,0.7909999999999998,2017 Colby Rasmus
692,Kelly Johnson,2016.0,0.301,2016 Kelly Johnson
693,Nick Swisher,2015.0,0.35799999999999993,2015 Nick Swisher
694,Ben Revere,2015.0,0.167,2015 Ben Revere
695,Steve Pearce,2016.0,0.31999999999999995,2016 Steve Pearce
696,Dee Gordon,2016.0,0.295,2016 Dee Gordon
697,Christian Yelich,2018.0,0.14800000000000002,2018 Christian Yelich
698,Dioner Navarro,2015.0,0.501,2015 Dioner Navarro
699,Matt Wieters,2015.0,0.319,2015 Matt Wieters
700,Hyun Soo Kim,2016.0,0.268,2016 Hyun Soo Kim
701,Miguel Andujar,2018.0,0.174,2018 Miguel Andujar
702,Aramis Ramirez,2015.0,0.20399999999999993,2015 Aramis Ramirez
703,Mike Napoli,2015.0,0.18100000000000002,2015 Mike Napoli
704,Mark Reynolds,2017.0,0.149,2017 Mark Reynolds
705,Yonder Alonso,2015.0,0.24999999999999997,2015 Yonder Alonso
706,Joe Mauer,2016.0,0.14800000000000002,2016 Joe Mauer
707,Daniel Murphy,2018.0,0.285,2018 Daniel Murphy
708,Gregory Polanco,2015.0,0.14400000000000002,2015 Gregory Polanco
709,Tommy Pham,2019.0,0.14,2019 Tommy Pham
710,Norichika Aoki,2016.0,0.21600000000000005,2016 Norichika Aoki
711,Mallex Smith,2019.0,0.161,2019 Mallex Smith
712,Adam Jones,2019.0,0.187,2019 Adam Jones
713,Neil Walker,2015.0,0.154,2015 Neil Walker
714,Randal Grichuk,2017.0,0.213,2017 Randal Grichuk
715,Andrelton Simmons,2019.0,0.25800000000000006,2019 Andrelton Simmons
716,Delino DeShields,2015.0,0.18600000000000005,2015 Delino DeShields
717,Steven Souza Jr.,2017.0,0.14400000000000002,2017 Steven Souza Jr.
718,Jed Lowrie,2016.0,0.251,2016 Jed Lowrie
719,Jimmy Paredes,2015.0,0.253,2015 Jimmy Paredes
720,Jimmy Rollins,2016.0,0.5149999999999999,2016 Jimmy Rollins
721,Cody Asche,2015.0,0.20399999999999993,2015 Cody Asche
722,Anthony Rendon,2019.0,0.134,2019 Anthony Rendon
723,Jason Heyward,2015.0,0.149,2015 Jason Heyward
724,Logan Forsythe,2015.0,0.138,2015 Logan Forsythe
725,Ben Zobrist,2019.0,0.49300000000000005,2019 Ben Zobrist
726,Mike Zunino,2015.0,0.22,2015 Mike Zunino
727,Chris Herrmann,2017.0,0.319,2017 Chris Herrmann
728,Daniel Vogelbach,2018.0,0.818,2018 Daniel Vogelbach
729,Ben Gamel,2019.0,0.22899999999999998,2019 Ben Gamel
730,David Murphy,2015.0,0.23400000000000004,2015 David Murphy
731,Manny Machado,2018.0,0.13699999999999998,2018 Manny Machado
732,Anthony Gose,2015.0,0.162,2015 Anthony Gose
733,Marwin Gonzalez,2017.0,0.16300000000000003,2017 Marwin Gonzalez
734,Manny Machado,2019.0,0.142,2019 Manny Machado
735,Clint Robinson,2016.0,0.39899999999999997,2016 Clint Robinson
736,Paul Goldschmidt,2015.0,0.11700000000000002,2015 Paul Goldschmidt
737,DJ LeMahieu,2016.0,0.13200000000000003,2016 DJ LeMahieu
738,Chase Utley,2018.0,0.42500000000000004,2018 Chase Utley
739,Derek Dietrich,2016.0,0.21100000000000002,2016 Derek Dietrich
740,Carlos Gonzalez,2019.0,0.5339999999999999,2019 Carlos Gonzalez
741,Cody Asche,2016.0,0.37000000000000005,2016 Cody Asche
742,Adam Haseley,2019.0,0.346,2019 Adam Haseley
743,Gregory Polanco,2017.0,0.21899999999999997,2017 Gregory Polanco
744,DJ LeMahieu,2015.0,0.13699999999999998,2015 DJ LeMahieu
745,Jarrod Dyson,2019.0,0.19800000000000004,2019 Jarrod Dyson
746,Hank Conger,2015.0,0.36099999999999993,2015 Hank Conger
747,Omar Narvaez,2018.0,0.256,2018 Omar Narvaez
748,Curt Casali,2019.0,0.348,2019 Curt Casali
749,Danny Valencia,2015.0,0.24100000000000008,2015 Danny Valencia
750,Sandy Leon,2018.0,0.287,2018 Sandy Leon
751,Evan Gattis,2015.0,0.158,2015 Evan Gattis
752,Jose Abreu,2015.0,0.131,2015 Jose Abreu
753,Trevor Story,2016.0,0.187,2016 Trevor Story
754,Josh Rojas,2019.0,0.5169999999999999,2019 Josh Rojas
755,Franklin Gutierrez,2016.0,0.265,2016 Franklin Gutierrez
756,Evan Gattis,2018.0,0.193,2018 Evan Gattis
757,Trey Mancini,2019.0,0.121,2019 Trey Mancini
758,Charlie Blackmon,2017.0,0.11399999999999998,2017 Charlie Blackmon
759,Javier Baez,2019.0,0.164,2019 Javier Baez
760,Luis Rengifo,2019.0,0.197,2019 Luis Rengifo
761,Austin Meadows,2018.0,0.424,2018 Austin Meadows
762,Marwin Gonzalez,2016.0,0.16999999999999998,2016 Marwin Gonzalez
763,Jarrod Dyson,2015.0,0.38799999999999996,2015 Jarrod Dyson
764,Alejandro De Aza,2015.0,0.22100000000000003,2015 Alejandro De Aza
765,Caleb Joseph,2015.0,0.23800000000000002,2015 Caleb Joseph
766,Mark Reynolds,2018.0,0.336,2018 Mark Reynolds
767,Dee Gordon,2019.0,0.22200000000000006,2019 Dee Gordon
768,Marcus Semien,2015.0,0.136,2015 Marcus Semien
769,Robbie Grossman,2017.0,0.17600000000000005,2017 Robbie Grossman
770,Kevin Kiermaier,2016.0,0.199,2016 Kevin Kiermaier
771,Jesse Winker,2018.0,0.255,2018 Jesse Winker
772,AJ Reed,2016.0,0.574,2016 AJ Reed
773,Erick Aybar,2015.0,0.14800000000000002,2015 Erick Aybar
774,Yoenis Cespedes,2017.0,0.24100000000000008,2017 Yoenis Cespedes
775,James McCann,2019.0,0.162,2019 James McCann
776,Kurt Suzuki,2018.0,0.23800000000000002,2018 Kurt Suzuki
777,Matt Kemp,2017.0,0.18899999999999997,2017 Matt Kemp
778,Ben Paulsen,2015.0,0.24700000000000005,2015 Ben Paulsen
779,Chris Young,2016.0,0.37000000000000005,2016 Chris Young
780,Alex Dickerson,2019.0,0.44,2019 Alex Dickerson
781,James McCann,2018.0,0.172,2018 James McCann
782,Ben Zobrist,2015.0,0.146,2015 Ben Zobrist
783,Martin Maldonado,2019.0,0.22,2019 Martin Maldonado
784,Nolan Arenado,2017.0,0.11900000000000001,2017 Nolan Arenado
785,Kevin Kiermaier,2017.0,0.187,2017 Kevin Kiermaier
786,Miguel Cabrera,2015.0,0.15699999999999997,2015 Miguel Cabrera
787,Wilson Ramos,2019.0,0.18100000000000002,2019 Wilson Ramos
788,Robinson Chirinos,2018.0,0.174,2018 Robinson Chirinos
789,Joe Mauer,2015.0,0.11499999999999999,2015 Joe Mauer
790,Mallex Smith,2018.0,0.15,2018 Mallex Smith
791,Dansby Swanson,2019.0,0.139,2019 Dansby Swanson
792,Preston Tucker,2016.0,0.53,2016 Preston Tucker
793,Brett Gardner,2015.0,0.11299999999999999,2015 Brett Gardner
794,Brandon Crawford,2015.0,0.142,2015 Brandon Crawford
795,Justin Turner,2019.0,0.14400000000000002,2019 Justin Turner
796,Jonathan Villar,2019.0,0.109,2019 Jonathan Villar
797,J.D. Martinez,2017.0,0.162,2017 J.D. Martinez
798,Jonathan Schoop,2018.0,0.174,2018 Jonathan Schoop
799,Sandy Leon,2019.0,0.406,2019 Sandy Leon
800,Derek Dietrich,2017.0,0.168,2017 Derek Dietrich
801,Nicholas Castellanos,2015.0,0.13200000000000003,2015 Nicholas Castellanos
802,Jason Kipnis,2017.0,0.212,2017 Jason Kipnis
803,Vladimir Guerrero Jr.,2019.0,0.15500000000000003,2019 Vladimir Guerrero Jr.
804,Jarrett Parker,2017.0,0.415,2017 Jarrett Parker
805,Ketel Marte,2016.0,0.172,2016 Ketel Marte
806,Kevin Kiermaier,2015.0,0.156,2015 Kevin Kiermaier
807,Michael Bourn,2015.0,0.159,2015 Michael Bourn
808,Yadier Molina,2019.0,0.187,2019 Yadier Molina
809,Jorge Polanco,2017.0,0.147,2017 Jorge Polanco
810,Max Kepler,2016.0,0.174,2016 Max Kepler
811,Stevie Wilkerson,2019.0,0.20399999999999993,2019 Stevie Wilkerson
812,Jedd Gyorko,2018.0,0.19000000000000003,2018 Jedd Gyorko
813,Jackie Bradley Jr.,2015.0,0.282,2015 Jackie Bradley Jr.
814,Byron Buxton,2019.0,0.292,2019 Byron Buxton
815,Matt Carpenter,2015.0,0.10699999999999998,2015 Matt Carpenter
816,Oscar Mercado,2019.0,0.173,2019 Oscar Mercado
817,Carlos Asuaje,2018.0,0.35799999999999993,2018 Carlos Asuaje
818,Elvis Andrus,2015.0,0.12300000000000003,2015 Elvis Andrus
819,Matt Kemp,2018.0,0.164,2018 Matt Kemp
820,Paul Goldschmidt,2016.0,0.1,2016 Paul Goldschmidt
821,Robinson Cano,2015.0,0.122,2015 Robinson Cano
822,Hunter Renfroe,2017.0,0.15999999999999998,2017 Hunter Renfroe
823,Hanser Alberto,2019.0,0.16899999999999996,2019 Hanser Alberto
824,Dexter Fowler,2017.0,0.151,2017 Dexter Fowler
825,Ender Inciarte,2016.0,0.142,2016 Ender Inciarte
826,Johan Camargo,2018.0,0.142,2018 Johan Camargo
827,Pablo Sandoval,2015.0,0.15999999999999998,2015 Pablo Sandoval
828,Welington Castillo,2017.0,0.20399999999999993,2017 Welington Castillo
829,Kelly Johnson,2015.0,0.22799999999999995,2015 Kelly Johnson
830,George Springer,2018.0,0.11800000000000001,2018 George Springer
831,Tucker Barnhart,2016.0,0.19499999999999998,2016 Tucker Barnhart
832,Chris Coghlan,2016.0,0.24700000000000005,2016 Chris Coghlan
833,Nicholas Castellanos,2016.0,0.16899999999999996,2016 Nicholas Castellanos
834,Jace Peterson,2015.0,0.12300000000000003,2015 Jace Peterson
835,Starlin Castro,2019.0,0.11800000000000001,2019 Starlin Castro
836,Leury Garcia,2019.0,0.135,2019 Leury Garcia
837,Yadier Molina,2016.0,0.14,2016 Yadier Molina
838,Mark Trumbo,2017.0,0.126,2017 Mark Trumbo
839,Tony Kemp,2019.0,0.2889999999999999,2019 Tony Kemp
840,Daniel Palka,2019.0,0.7570000000000001,2019 Daniel Palka
841,Javier Baez,2018.0,0.12900000000000003,2018 Javier Baez
842,Chase Utley,2017.0,0.21399999999999997,2017 Chase Utley
843,Chris Iannetta,2016.0,0.20499999999999996,2016 Chris Iannetta
844,Jose Abreu,2019.0,0.10500000000000001,2019 Jose Abreu
845,Yoenis Cespedes,2018.0,0.485,2018 Yoenis Cespedes
846,Danny Valencia,2017.0,0.14400000000000002,2017 Danny Valencia
847,Trevor Plouffe,2015.0,0.11900000000000001,2015 Trevor Plouffe
848,Brad Miller,2017.0,0.173,2017 Brad Miller
849,Corey Dickerson,2019.0,0.242,2019 Corey Dickerson
850,Ehire Adrianza,2018.0,0.20199999999999996,2018 Ehire Adrianza
851,Gerardo Parra,2019.0,0.265,2019 Gerardo Parra
852,Stephen Drew,2016.0,0.38999999999999996,2016 Stephen Drew
853,Wil Myers,2018.0,0.199,2018 Wil Myers
854,Welington Castillo,2016.0,0.152,2016 Welington Castillo
855,Todd Frazier,2015.0,0.11,2015 Todd Frazier
856,Chance Sisco,2018.0,0.389,2018 Chance Sisco
857,Troy Tulowitzki,2015.0,0.134,2015 Troy Tulowitzki
858,Michael Brantley,2017.0,0.203,2017 Michael Brantley
859,David Peralta,2016.0,0.42300000000000004,2016 David Peralta
860,Didi Gregorius,2017.0,0.136,2017 Didi Gregorius
861,Chris Young,2018.0,0.51,2018 Chris Young
862,Stephen Piscotty,2019.0,0.18600000000000005,2019 Stephen Piscotty
863,Yolmer Sanchez,2019.0,0.12300000000000003,2019 Yolmer Sanchez
864,Brad Miller,2019.0,0.42000000000000004,2019 Brad Miller
865,Trea Turner,2019.0,0.124,2019 Trea Turner
866,Will Venable,2015.0,0.17899999999999996,2015 Will Venable
867,Jose Reyes,2015.0,0.152,2015 Jose Reyes
868,Tyler Flowers,2019.0,0.22200000000000006,2019 Tyler Flowers
869,Dexter Fowler,2015.0,0.09699999999999999,2015 Dexter Fowler
870,Drew Robinson,2018.0,0.475,2018 Drew Robinson
871,Tyler Austin,2019.0,0.348,2019 Tyler Austin
872,Sam Hilliard,2019.0,0.7099999999999999,2019 Sam Hilliard
873,Ian Happ,2017.0,0.168,2017 Ian Happ
874,Mike Moustakas,2016.0,0.5820000000000002,2016 Mike Moustakas
875,David Dahl,2018.0,0.27399999999999997,2018 David Dahl
876,Delino DeShields,2019.0,0.162,2019 Delino DeShields
877,Lonnie Chisenhall,2017.0,0.253,2017 Lonnie Chisenhall
878,Nick Williams,2018.0,0.159,2018 Nick Williams
879,Mallex Smith,2016.0,0.344,2016 Mallex Smith
880,Ichiro Suzuki,2015.0,0.165,2015 Ichiro Suzuki
881,Evan Gattis,2016.0,0.142,2016 Evan Gattis
882,Chris Herrmann,2016.0,0.397,2016 Chris Herrmann
883,Maikel Franco,2018.0,0.164,2018 Maikel Franco
884,Zack Cozart,2018.0,0.272,2018 Zack Cozart
885,Enrique Hernandez,2019.0,0.14400000000000002,2019 Enrique Hernandez
886,Aaron Hill,2016.0,0.161,2016 Aaron Hill
887,Christian Yelich,2015.0,0.126,2015 Christian Yelich
888,Grady Sizemore,2015.0,0.252,2015 Grady Sizemore
889,Brett Gardner,2017.0,0.092,2017 Brett Gardner
890,Hector Sanchez,2017.0,0.4770000000000001,2017 Hector Sanchez
891,Ryan O'Hearn,2018.0,0.38200000000000006,2018 Ryan O'Hearn
892,Javier Baez,2017.0,0.14400000000000002,2017 Javier Baez
893,Danny Espinosa,2015.0,0.175,2015 Danny Espinosa
894,Jon Jay,2018.0,0.11700000000000002,2018 Jon Jay
895,Bruce Maxwell,2017.0,0.23400000000000004,2017 Bruce Maxwell
896,Odubel Herrera,2018.0,0.11399999999999998,2018 Odubel Herrera
897,Seth Brown,2019.0,0.7929999999999999,2019 Seth Brown
898,Michael Bourn,2016.0,0.161,2016 Michael Bourn
899,Cesar Hernandez,2018.0,0.08800000000000002,2018 Cesar Hernandez
900,Ender Inciarte,2017.0,0.10400000000000001,2017 Ender Inciarte
901,J.D. Davis,2019.0,0.146,2019 J.D. Davis
902,Trent Grisham,2019.0,0.348,2019 Trent Grisham
903,Adrian Beltre,2016.0,0.10800000000000003,2016 Adrian Beltre
904,Brad Miller,2018.0,0.27,2018 Brad Miller
905,Conor Gillaspie,2015.0,0.303,2015 Conor Gillaspie
906,Gary Sanchez,2016.0,0.278,2016 Gary Sanchez
907,Jared Walsh,2019.0,0.7120000000000002,2019 Jared Walsh
908,Steve Pearce,2018.0,0.24899999999999997,2018 Steve Pearce
909,Maikel Franco,2019.0,0.173,2019 Maikel Franco
910,Greg Bird,2015.0,0.349,2015 Greg Bird
911,Daniel Nava,2017.0,0.303,2017 Daniel Nava
912,Jose Abreu,2016.0,0.09599999999999999,2016 Jose Abreu
913,Matt Skole,2019.0,0.787,2019 Matt Skole
914,Billy Burns,2016.0,0.23699999999999993,2016 Billy Burns
915,ByungHo Park,2016.0,0.248,2016 ByungHo Park
916,Jedd Gyorko,2016.0,0.152,2016 Jedd Gyorko
917,Martin Prado,2015.0,0.11900000000000001,2015 Martin Prado
918,Yan Gomes,2015.0,0.175,2015 Yan Gomes
919,Buster Posey,2019.0,0.146,2019 Buster Posey
920,Greg Allen,2019.0,0.26400000000000007,2019 Greg Allen
921,Chris Coghlan,2015.0,0.127,2015 Chris Coghlan
922,Cesar Hernandez,2016.0,0.10500000000000001,2016 Cesar Hernandez
923,Eduardo Escobar,2015.0,0.14400000000000002,2015 Eduardo Escobar
924,Jorge Soler,2016.0,0.23800000000000002,2016 Jorge Soler
925,Joey Gallo,2015.0,0.504,2015 Joey Gallo
926,Jake Cave,2018.0,0.203,2018 Jake Cave
927,Coco Crisp,2016.0,0.13299999999999998,2016 Coco Crisp
928,Isan Diaz,2019.0,0.30700000000000005,2019 Isan Diaz
929,Tyler Austin,2018.0,0.22400000000000003,2018 Tyler Austin
930,George Springer,2016.0,0.086,2016 George Springer
931,Ian Happ,2019.0,0.3960000000000001,2019 Ian Happ
932,Odubel Herrera,2015.0,0.116,2015 Odubel Herrera
933,Marcell Ozuna,2018.0,0.10800000000000003,2018 Marcell Ozuna
934,Jose Ramirez,2017.0,0.09699999999999999,2017 Jose Ramirez
935,Miguel Cabrera,2016.0,0.1,2016 Miguel Cabrera
936,Eddie Rosario,2015.0,0.147,2015 Eddie Rosario
937,Billy Butler,2015.0,0.11,2015 Billy Butler
938,Nicky Delmonico,2019.0,0.8440000000000001,2019 Nicky Delmonico
939,Byron Buxton,2017.0,0.12499999999999999,2017 Byron Buxton
940,Freddy Galvis,2015.0,0.10800000000000003,2015 Freddy Galvis
941,Mallex Smith,2017.0,0.22899999999999998,2017 Mallex Smith
942,Charlie Blackmon,2016.0,0.09399999999999999,2016 Charlie Blackmon
943,Norichika Aoki,2015.0,0.16999999999999998,2015 Norichika Aoki
944,Kennys Vargas,2016.0,0.327,2016 Kennys Vargas
945,Justin Upton,2016.0,0.09399999999999999,2016 Justin Upton
946,Nolan Arenado,2015.0,0.106,2015 Nolan Arenado
947,Adam Jones,2018.0,0.11399999999999998,2018 Adam Jones
948,Miguel Sano,2015.0,0.168,2015 Miguel Sano
949,Mike Tauchman,2019.0,0.19000000000000003,2019 Mike Tauchman
950,Khris Davis,2015.0,0.13699999999999998,2015 Khris Davis
951,Jonathan Schoop,2017.0,0.09599999999999999,2017 Jonathan Schoop
952,Derek Dietrich,2015.0,0.22,2015 Derek Dietrich
953,Derek Norris,2016.0,0.128,2016 Derek Norris
954,Manny Machado,2017.0,0.09500000000000001,2017 Manny Machado
955,Tim Locastro,2019.0,0.24600000000000005,2019 Tim Locastro
956,Christian Yelich,2016.0,0.08900000000000002,2016 Christian Yelich
957,Adam Duvall,2019.0,0.455,2019 Adam Duvall
958,Scooter Gennett,2019.0,0.48,2019 Scooter Gennett
959,Xander Bogaerts,2015.0,0.09500000000000001,2015 Xander Bogaerts
960,Mike Trout,2017.0,0.11299999999999999,2017 Mike Trout
961,Tyler Naquin,2019.0,0.21899999999999997,2019 Tyler Naquin
962,Jonathan Schoop,2019.0,0.14300000000000002,2019 Jonathan Schoop
963,Paul DeJong,2018.0,0.12499999999999999,2018 Paul DeJong
964,Gregor Blanco,2015.0,0.168,2015 Gregor Blanco
965,Charlie Blackmon,2015.0,0.08800000000000002,2015 Charlie Blackmon
966,Kevin Pillar,2015.0,0.106,2015 Kevin Pillar
967,Jhonny Peralta,2015.0,0.098,2015 Jhonny Peralta
968,Chris Herrmann,2019.0,0.642,2019 Chris Herrmann
969,Mark Trumbo,2016.0,0.09099999999999998,2016 Mark Trumbo
970,Whit Merrifield,2019.0,0.086,2019 Whit Merrifield
971,J.T. Realmuto,2018.0,0.11700000000000002,2018 J.T. Realmuto
972,Cesar Hernandez,2015.0,0.146,2015 Cesar Hernandez
973,Ian Kinsler,2019.0,0.22,2019 Ian Kinsler
974,Nick Markakis,2016.0,0.09099999999999998,2016 Nick Markakis
975,Tommy Pham,2018.0,0.106,2018 Tommy Pham
976,Odubel Herrera,2016.0,0.09,2016 Odubel Herrera
977,Adam Frazier,2017.0,0.135,2017 Adam Frazier
978,Michael A. Taylor,2018.0,0.15699999999999997,2018 Michael A. Taylor
979,Ender Inciarte,2018.0,0.098,2018 Ender Inciarte
980,Daniel Murphy,2015.0,0.12499999999999999,2015 Daniel Murphy
981,Travis d'Arnaud,2019.0,0.15699999999999997,2019 Travis d'Arnaud
982,Salvador Perez,2017.0,0.136,2017 Salvador Perez
983,Josh Harrison,2018.0,0.172,2018 Josh Harrison
984,Martin Maldonado,2018.0,0.15500000000000003,2018 Martin Maldonado
985,Christian Yelich,2017.0,0.082,2017 Christian Yelich
986,Michael Brantley,2015.0,0.11,2015 Michael Brantley
987,Eduardo Escobar,2016.0,0.168,2016 Eduardo Escobar
988,Starling Marte,2018.0,0.10400000000000001,2018 Starling Marte
989,Joey Wendle,2018.0,0.11900000000000001,2018 Joey Wendle
990,Adam Eaton,2019.0,0.08800000000000002,2019 Adam Eaton
991,Ketel Marte,2018.0,0.10699999999999998,2018 Ketel Marte
992,Willson Contreras,2018.0,0.11,2018 Willson Contreras
993,Eugenio Suarez,2015.0,0.147,2015 Eugenio Suarez
994,Josh Phegley,2019.0,0.183,2019 Josh Phegley
995,Jefry Marte,2018.0,0.272,2018 Jefry Marte
996,Yadier Molina,2017.0,0.11700000000000002,2017 Yadier Molina
997,Jonny Gomes,2015.0,0.21899999999999997,2015 Jonny Gomes
998,Yan Gomes,2019.0,0.164,2019 Yan Gomes
999,Fernando Tatis Jr.,2019.0,0.166,2019 Fernando Tatis Jr.
1000,Jake Rogers,2019.0,0.426,2019 Jake Rogers
1001,Marcell Ozuna,2017.0,0.09099999999999998,2017 Marcell Ozuna
1002,Yangervis Solarte,2015.0,0.11499999999999999,2015 Yangervis Solarte
1003,Trevor Story,2017.0,0.10099999999999998,2017 Trevor Story
1004,A.J. Pollock,2015.0,0.09699999999999999,2015 A.J. Pollock
1005,Alcides Escobar,2015.0,0.1,2015 Alcides Escobar
1006,Kolten Wong,2017.0,0.153,2017 Kolten Wong
1007,Gio Urshela,2019.0,0.128,2019 Gio Urshela
1008,Ichiro Suzuki,2016.0,0.159,2016 Ichiro Suzuki
1009,Steve Pearce,2019.0,0.522,2019 Steve Pearce
1010,Meibrys Viloria,2019.0,0.386,2019 Meibrys Viloria
1011,Joe Panik,2018.0,0.154,2018 Joe Panik
1012,Adrian Beltre,2015.0,0.1,2015 Adrian Beltre
1013,Brian Goodwin,2018.0,0.292,2018 Brian Goodwin
1014,Wil Myers,2015.0,0.213,2015 Wil Myers
1015,Max Muncy,2015.0,0.4670000000000001,2015 Max Muncy
1016,Nick Franklin,2016.0,0.325,2016 Nick Franklin
1017,B.J. Upton,2016.0,0.11200000000000002,2016 B.J. Upton
1018,Bradley Zimmer,2017.0,0.175,2017 Bradley Zimmer
1019,Tim Anderson,2019.0,0.12900000000000003,2019 Tim Anderson
1020,Alex Dickerson,2016.0,0.203,2016 Alex Dickerson
1021,Jose Ramirez,2015.0,0.15999999999999998,2015 Jose Ramirez
1022,Adam Jones,2015.0,0.11399999999999998,2015 Adam Jones
1023,Ian Kinsler,2015.0,0.09,2015 Ian Kinsler
1024,Billy McKinney,2018.0,0.43499999999999994,2018 Billy McKinney
1025,Manny Machado,2015.0,0.081,2015 Manny Machado
1026,Ryon Healy,2019.0,0.318,2019 Ryon Healy
1027,Andrew Knapp,2018.0,0.253,2018 Andrew Knapp
1028,Danny Santana,2015.0,0.23899999999999993,2015 Danny Santana
1029,Lonnie Chisenhall,2016.0,0.142,2016 Lonnie Chisenhall
1030,Russell Martin,2015.0,0.106,2015 Russell Martin
1031,Kolten Wong,2018.0,0.14800000000000002,2018 Kolten Wong
1032,Jace Peterson,2019.0,0.502,2019 Jace Peterson
1033,Jose Altuve,2015.0,0.1,2015 Jose Altuve
1034,Jon Jay,2017.0,0.131,2017 Jon Jay
1035,Justin Morneau,2015.0,0.349,2015 Justin Morneau
1036,Dwight Smith Jr,2019.0,0.14800000000000002,2019 Dwight Smith Jr
1037,Mike Zunino,2016.0,0.273,2016 Mike Zunino
1038,Ryder Jones,2017.0,0.37700000000000006,2017 Ryder Jones
1039,Daniel Nava,2016.0,0.38099999999999995,2016 Daniel Nava
1040,Tyler White,2019.0,0.17700000000000002,2019 Tyler White
1041,Brock Holt,2019.0,0.18,2019 Brock Holt
1042,Teoscar Hernandez,2018.0,0.10400000000000001,2018 Teoscar Hernandez
1043,Blake Swihart,2019.0,0.538,2019 Blake Swihart
1044,Domonic Brown,2015.0,0.282,2015 Domonic Brown
1045,JaCoby Jones,2019.0,0.167,2019 JaCoby Jones
1046,Jonathan Villar,2016.0,0.077,2016 Jonathan Villar
1047,Mark Reynolds,2019.0,0.32600000000000007,2019 Mark Reynolds
1048,Brock Holt,2015.0,0.10400000000000001,2015 Brock Holt
1049,Jose Martinez,2019.0,0.138,2019 Jose Martinez
1050,Blake Swihart,2018.0,0.27,2018 Blake Swihart
1051,JaCoby Jones,2018.0,0.122,2018 JaCoby Jones
1052,Ehire Adrianza,2019.0,0.24700000000000005,2019 Ehire Adrianza
1053,Scott Schebler,2019.0,0.57,2019 Scott Schebler
1054,Greg Garcia,2019.0,0.135,2019 Greg Garcia
1055,Jake Smolinski,2016.0,0.19000000000000003,2016 Jake Smolinski
1056,Addison Russell,2016.0,0.092,2016 Addison Russell
1057,Jason Kipnis,2015.0,0.084,2015 Jason Kipnis
1058,Steven Duggar,2019.0,0.18899999999999997,2019 Steven Duggar
1059,Kurt Suzuki,2015.0,0.122,2015 Kurt Suzuki
1060,Derek Norris,2015.0,0.09599999999999999,2015 Derek Norris
1061,Denard Span,2016.0,0.087,2016 Denard Span
1062,Justin Upton,2017.0,0.079,2017 Justin Upton
1063,Stephen Piscotty,2018.0,0.098,2018 Stephen Piscotty
1064,Buster Posey,2015.0,0.09699999999999999,2015 Buster Posey
1065,Nick Markakis,2015.0,0.078,2015 Nick Markakis
1066,Kaleb Cowart,2018.0,0.4440000000000001,2018 Kaleb Cowart
1067,Cesar Hernandez,2017.0,0.09099999999999998,2017 Cesar Hernandez
1068,Yadier Molina,2018.0,0.10699999999999998,2018 Yadier Molina
1069,Kolten Wong,2015.0,0.092,2015 Kolten Wong
1070,Salvador Perez,2015.0,0.11499999999999999,2015 Salvador Perez
1071,Aledmys Diaz,2018.0,0.14300000000000002,2018 Aledmys Diaz
1072,Brian Anderson,2019.0,0.11,2019 Brian Anderson
1073,Mike Freeman,2019.0,0.24899999999999997,2019 Mike Freeman
1074,Miguel Sano,2018.0,0.166,2018 Miguel Sano
1075,Brett Gardner,2016.0,0.081,2016 Brett Gardner
1076,David Ross,2016.0,0.24600000000000005,2016 David Ross
1077,Yasiel Puig,2018.0,0.121,2018 Yasiel Puig
1078,Buster Posey,2017.0,0.1,2017 Buster Posey
1079,Brian Anderson,2018.0,0.079,2018 Brian Anderson
1080,Mark Trumbo,2018.0,0.147,2018 Mark Trumbo
1081,David DeJesus,2015.0,0.173,2015 David DeJesus
1082,Ezequiel Carrera,2016.0,0.166,2016 Ezequiel Carrera
1083,Freddy Galvis,2016.0,0.087,2016 Freddy Galvis
1084,Aaron Hicks,2017.0,0.139,2017 Aaron Hicks
1085,Jeff McNeil,2018.0,0.24600000000000005,2018 Jeff McNeil
1086,Ryan Goins,2015.0,0.127,2015 Ryan Goins
1087,Jedd Gyorko,2015.0,0.11299999999999999,2015 Jedd Gyorko
1088,Lorenzo Cain,2015.0,0.08900000000000002,2015 Lorenzo Cain
1089,J.J. Hardy,2016.0,0.11299999999999999,2016 J.J. Hardy
1090,Jose Altuve,2016.0,0.082,2016 Jose Altuve
1091,Jacoby Ellsbury,2017.0,0.13,2017 Jacoby Ellsbury
1092,Cory Spangenberg,2015.0,0.15699999999999997,2015 Cory Spangenberg
1093,Christian Vazquez,2019.0,0.10099999999999998,2019 Christian Vazquez
1094,Alex Rodriguez,2016.0,0.22200000000000006,2016 Alex Rodriguez
1095,Yandy Diaz,2019.0,0.154,2019 Yandy Diaz
1096,Jedd Gyorko,2017.0,0.106,2017 Jedd Gyorko
1097,Travis Jankowski,2016.0,0.12900000000000003,2016 Travis Jankowski
1098,Brett Gardner,2018.0,0.078,2018 Brett Gardner
1099,Blake Swihart,2015.0,0.167,2015 Blake Swihart
1100,Lourdes Gurriel Jr.,2019.0,0.15699999999999997,2019 Lourdes Gurriel Jr.
1101,Pablo Sandoval,2018.0,0.19100000000000003,2018 Pablo Sandoval
1102,Miguel Cabrera,2017.0,0.098,2017 Miguel Cabrera
1103,Tyler O'Neill,2019.0,0.327,2019 Tyler O'Neill
1104,Ben Revere,2016.0,0.149,2016 Ben Revere
1105,Rougned Odor,2015.0,0.11399999999999998,2015 Rougned Odor
1106,Cheslor Cuthbert,2019.0,0.15500000000000003,2019 Cheslor Cuthbert
1107,Eddie Rosario,2017.0,0.09300000000000003,2017 Eddie Rosario
1108,Brett Wallace,2015.0,0.4670000000000001,2015 Brett Wallace
1109,Byron Buxton,2016.0,0.152,2016 Byron Buxton
1110,Ben Revere,2017.0,0.17700000000000002,2017 Ben Revere
1111,Andrelton Simmons,2018.0,0.10099999999999998,2018 Andrelton Simmons
1112,Buster Posey,2016.0,0.087,2016 Buster Posey
1113,Cedric Mullins,2018.0,0.25800000000000006,2018 Cedric Mullins
1114,Cliff Pennington,2016.0,0.262,2016 Cliff Pennington
1115,Adam Jones,2017.0,0.087,2017 Adam Jones
1116,John Hicks,2019.0,0.159,2019 John Hicks
1117,Danny Santana,2016.0,0.21600000000000005,2016 Danny Santana
1118,Adrian Beltre,2018.0,0.10300000000000004,2018 Adrian Beltre
1119,Marcell Ozuna,2015.0,0.10800000000000003,2015 Marcell Ozuna
1120,Max Muncy,2016.0,0.3549999999999999,2016 Max Muncy
1121,Tucker Barnhart,2017.0,0.128,2017 Tucker Barnhart
1122,Anthony Rendon,2017.0,0.07400000000000001,2017 Anthony Rendon
1123,Starling Marte,2015.0,0.086,2015 Starling Marte
1124,Justin Morneau,2016.0,0.233,2016 Justin Morneau
1125,Mark Canha,2015.0,0.10300000000000004,2015 Mark Canha
1126,Jed Lowrie,2015.0,0.18,2015 Jed Lowrie
1127,Nick Williams,2019.0,0.4289999999999999,2019 Nick Williams
1128,Austin Hedges,2018.0,0.15,2018 Austin Hedges
1129,Lorenzo Cain,2019.0,0.078,2019 Lorenzo Cain
1130,Welington Castillo,2015.0,0.136,2015 Welington Castillo
1131,Ryan Braun,2016.0,0.092,2016 Ryan Braun
1132,Trayce Thompson,2016.0,0.172,2016 Trayce Thompson
1133,Jordy Mercer,2019.0,0.17899999999999996,2019 Jordy Mercer
1134,Enrique Hernandez,2018.0,0.10300000000000004,2018 Enrique Hernandez
1135,Mark Canha,2018.0,0.11100000000000003,2018 Mark Canha
1136,Sam Fuld,2015.0,0.145,2015 Sam Fuld
1137,Mookie Betts,2016.0,0.071,2016 Mookie Betts
1138,Michael A. Taylor,2015.0,0.10199999999999997,2015 Michael A. Taylor
1139,Eddie Rosario,2016.0,0.145,2016 Eddie Rosario
1140,Norichika Aoki,2017.0,0.131,2017 Norichika Aoki
1141,Ian Desmond,2019.0,0.10400000000000001,2019 Ian Desmond
1142,Freddy Galvis,2017.0,0.07200000000000001,2017 Freddy Galvis
1143,Adam Jones,2016.0,0.081,2016 Adam Jones
1144,Ian Kinsler,2016.0,0.075,2016 Ian Kinsler
1145,Robbie Grossman,2016.0,0.11700000000000002,2016 Robbie Grossman
1146,Greg Bird,2019.0,0.9220000000000003,2019 Greg Bird
1147,J.J. Hardy,2015.0,0.106,2015 J.J. Hardy
1148,Andre Ethier,2015.0,0.11100000000000003,2015 Andre Ethier
1149,Denard Span,2017.0,0.09300000000000003,2017 Denard Span
1150,Dixon Machado,2018.0,0.203,2018 Dixon Machado
1151,Daniel Descalso,2017.0,0.11900000000000001,2017 Daniel Descalso
1152,Chris Taylor,2019.0,0.109,2019 Chris Taylor
1153,Curt Casali,2016.0,0.17600000000000005,2016 Curt Casali
1154,Rafael Ortega,2019.0,0.45799999999999996,2019 Rafael Ortega
1155,Brock Holt,2016.0,0.13299999999999998,2016 Brock Holt
1156,Gerardo Parra,2018.0,0.11800000000000001,2018 Gerardo Parra
1157,Tommy Joseph,2017.0,0.092,2017 Tommy Joseph
1158,Aledmys Diaz,2019.0,0.20600000000000007,2019 Aledmys Diaz
1159,Erick Aybar,2016.0,0.11299999999999999,2016 Erick Aybar
1160,Luke Voit,2018.0,0.27399999999999997,2018 Luke Voit
1161,Chris Colabello,2015.0,0.135,2015 Chris Colabello
1162,Francisco Lindor,2016.0,0.07200000000000001,2016 Francisco Lindor
1163,Starling Marte,2019.0,0.087,2019 Starling Marte
1164,Salvador Perez,2016.0,0.09900000000000002,2016 Salvador Perez
1165,Welington Castillo,2019.0,0.187,2019 Welington Castillo
1166,Brad Miller,2015.0,0.10300000000000004,2015 Brad Miller
1167,Starlin Castro,2015.0,0.087,2015 Starlin Castro
1168,Ronny Rodriguez,2019.0,0.17600000000000005,2019 Ronny Rodriguez
1169,Hunter Dozier,2018.0,0.121,2018 Hunter Dozier
1170,Garrett Cooper,2019.0,0.10800000000000003,2019 Garrett Cooper
1171,Adam Engel,2018.0,0.109,2018 Adam Engel
1172,Jung Ho Kang,2015.0,0.098,2015 Jung Ho Kang
1173,Aaron Hicks,2015.0,0.122,2015 Aaron Hicks
1174,Troy Tulowitzki,2017.0,0.18899999999999997,2017 Troy Tulowitzki
1175,Gerardo Parra,2015.0,0.08800000000000002,2015 Gerardo Parra
1176,Avisail Garcia,2018.0,0.12900000000000003,2018 Avisail Garcia
1177,Josh Donaldson,2018.0,0.20699999999999993,2018 Josh Donaldson
1178,Victor Caratini,2018.0,0.22999999999999998,2018 Victor Caratini
1179,Melky Cabrera,2017.0,0.076,2017 Melky Cabrera
1180,Yolmer Sanchez,2018.0,0.07,2018 Yolmer Sanchez
1181,Francisco Lindor,2017.0,0.067,2017 Francisco Lindor
1182,Greg Allen,2018.0,0.161,2018 Greg Allen
1183,Shed Long,2019.0,0.2750000000000001,2019 Shed Long
1184,Matt Duffy,2015.0,0.07999999999999999,2015 Matt Duffy
1185,Kyle Farmer,2019.0,0.22,2019 Kyle Farmer
1186,Jorge Soler,2018.0,0.175,2018 Jorge Soler
1187,Trevor Plouffe,2016.0,0.139,2016 Trevor Plouffe
1188,Jordy Mercer,2015.0,0.11299999999999999,2015 Jordy Mercer
1189,Kyle Tucker,2019.0,0.6990000000000001,2019 Kyle Tucker
1190,Geovany Soto,2015.0,0.20600000000000007,2015 Geovany Soto
1191,Josh Harrison,2019.0,0.33299999999999996,2019 Josh Harrison
1192,Colby Rasmus,2018.0,0.9039999999999999,2018 Colby Rasmus
1193,Jonathan Schoop,2015.0,0.15999999999999998,2015 Jonathan Schoop
1194,Cameron Maybin,2015.0,0.082,2015 Cameron Maybin
1195,Delino DeShields,2017.0,0.098,2017 Delino DeShields
1196,Chris Iannetta,2019.0,0.265,2019 Chris Iannetta
1197,Yolmer Sanchez,2015.0,0.11,2015 Yolmer Sanchez
1198,Joey Wendle,2019.0,0.174,2019 Joey Wendle
1199,Zack Cozart,2017.0,0.084,2017 Zack Cozart
1200,Leonys Martin,2015.0,0.159,2015 Leonys Martin
1201,Welington Castillo,2018.0,0.23800000000000002,2018 Welington Castillo
1202,Ben Gamel,2018.0,0.14800000000000002,2018 Ben Gamel
1203,Russell Martin,2016.0,0.077,2016 Russell Martin
1204,Francisco Cervelli,2015.0,0.08800000000000002,2015 Francisco Cervelli
1205,Tyler Collins,2017.0,0.253,2017 Tyler Collins
1206,Austin Jackson,2015.0,0.07999999999999999,2015 Austin Jackson
1207,Keston Hiura,2019.0,0.127,2019 Keston Hiura
1208,David Fletcher,2019.0,0.067,2019 David Fletcher
1209,Willson Contreras,2019.0,0.11200000000000002,2019 Willson Contreras
1210,Chris Herrmann,2018.0,0.49,2018 Chris Herrmann
1211,Yadier Molina,2015.0,0.09599999999999999,2015 Yadier Molina
1212,Angel Pagan,2015.0,0.083,2015 Angel Pagan
1213,Ryan Zimmerman,2017.0,0.078,2017 Ryan Zimmerman
1214,Jean Segura,2016.0,0.064,2016 Jean Segura
1215,Jorge Soler,2015.0,0.10699999999999998,2015 Jorge Soler
1216,Kennys Vargas,2015.0,0.23899999999999993,2015 Kennys Vargas
1217,Jarrett Parker,2016.0,0.2910000000000001,2016 Jarrett Parker
1218,Wilson Ramos,2015.0,0.09699999999999999,2015 Wilson Ramos
1219,Drew Robinson,2017.0,0.316,2017 Drew Robinson
1220,Jacoby Ellsbury,2015.0,0.09099999999999998,2015 Jacoby Ellsbury
1221,Yuli Gurriel,2018.0,0.09,2018 Yuli Gurriel
1222,Cameron Rupp,2016.0,0.10800000000000003,2016 Cameron Rupp
1223,Jacoby Ellsbury,2016.0,0.073,2016 Jacoby Ellsbury
1224,Dom Nunez,2019.0,0.8590000000000002,2019 Dom Nunez
1225,Paul Goldschmidt,2017.0,0.062,2017 Paul Goldschmidt
1226,Brandon Phillips,2015.0,0.079,2015 Brandon Phillips
1227,Omar Infante,2015.0,0.109,2015 Omar Infante
1228,Conor Gillaspie,2016.0,0.245,2016 Conor Gillaspie
1229,Ryan McMahon,2018.0,0.217,2018 Ryan McMahon
1230,Russell Martin,2017.0,0.11399999999999998,2017 Russell Martin
1231,Justin Turner,2017.0,0.084,2017 Justin Turner
1232,Adeiny Hechavarria,2015.0,0.10099999999999998,2015 Adeiny Hechavarria
1233,Joe Panik,2016.0,0.08499999999999999,2016 Joe Panik
1234,Jonathan Villar,2018.0,0.078,2018 Jonathan Villar
1235,Pablo Sandoval,2017.0,0.153,2017 Pablo Sandoval
1236,Ian Desmond,2016.0,0.065,2016 Ian Desmond
1237,Brayan Pena,2015.0,0.12499999999999999,2015 Brayan Pena
1238,Yan Gomes,2017.0,0.11499999999999999,2017 Yan Gomes
1239,Gavin Lux,2019.0,0.4770000000000001,2019 Gavin Lux
1240,Chris Iannetta,2018.0,0.11200000000000002,2018 Chris Iannetta
1241,Amed Rosario,2019.0,0.069,2019 Amed Rosario
1242,Yasiel Puig,2017.0,0.078,2017 Yasiel Puig
1243,Adrian Beltre,2017.0,0.10500000000000001,2017 Adrian Beltre
1244,Brett Phillips,2018.0,0.284,2018 Brett Phillips
1245,Justin Turner,2016.0,0.067,2016 Justin Turner
1246,Billy Butler,2016.0,0.15699999999999997,2016 Billy Butler
1247,Austin Hedges,2017.0,0.10800000000000003,2017 Austin Hedges
1248,Elvis Andrus,2019.0,0.065,2019 Elvis Andrus
1249,Edwin Rios,2019.0,0.627,2019 Edwin Rios
1250,Kolten Wong,2016.0,0.12,2016 Kolten Wong
1251,Melky Cabrera,2015.0,0.064,2015 Melky Cabrera
1252,Alejandro De Aza,2016.0,0.152,2016 Alejandro De Aza
1253,Willy Adames,2018.0,0.124,2018 Willy Adames
1254,Zack Cozart,2016.0,0.086,2016 Zack Cozart
1255,Starlin Castro,2016.0,0.073,2016 Starlin Castro
1256,Rafael Devers,2017.0,0.184,2017 Rafael Devers
1257,Robel Garcia,2019.0,0.49700000000000005,2019 Robel Garcia
1258,Starlin Castro,2018.0,0.068,2018 Starlin Castro
1259,Carlos Gomez,2018.0,0.11399999999999998,2018 Carlos Gomez
1260,Jung Ho Kang,2016.0,0.10800000000000003,2016 Jung Ho Kang
1261,Russell Martin,2018.0,0.11100000000000003,2018 Russell Martin
1262,Melky Cabrera,2016.0,0.069,2016 Melky Cabrera
1263,Jordy Mercer,2016.0,0.071,2016 Jordy Mercer
1264,Brandon Drury,2016.0,0.083,2016 Brandon Drury
1265,AJ Reed,2019.0,0.7829999999999998,2019 AJ Reed
1266,Sandy Leon,2015.0,0.32299999999999995,2015 Sandy Leon
1267,Andrelton Simmons,2015.0,0.08499999999999999,2015 Andrelton Simmons
1268,Ian Desmond,2018.0,0.07,2018 Ian Desmond
1269,Reese McGuire,2019.0,0.44,2019 Reese McGuire
1270,Wilson Ramos,2018.0,0.109,2018 Wilson Ramos
1271,Giancarlo Stanton,2019.0,0.5110000000000001,2019 Giancarlo Stanton
1272,Dustin Ackley,2015.0,0.15,2015 Dustin Ackley
1273,Jake Marisnick,2019.0,0.128,2019 Jake Marisnick
1274,Ryan Flaherty,2016.0,0.22999999999999998,2016 Ryan Flaherty
1275,Delino DeShields,2018.0,0.10199999999999997,2018 Delino DeShields
1276,Lonnie Chisenhall,2015.0,0.122,2015 Lonnie Chisenhall
1277,Raffy Lopez,2018.0,0.33,2018 Raffy Lopez
1278,Jonathan Schoop,2016.0,0.07200000000000001,2016 Jonathan Schoop
1279,Stephen Piscotty,2016.0,0.064,2016 Stephen Piscotty
1280,Dustin Garneau,2019.0,0.398,2019 Dustin Garneau
1281,Wilmer Difo,2018.0,0.08800000000000002,2018 Wilmer Difo
1282,Logan Forsythe,2017.0,0.083,2017 Logan Forsythe
1283,Stephen Drew,2017.0,0.36399999999999993,2017 Stephen Drew
1284,Josh Harrison,2015.0,0.10099999999999998,2015 Josh Harrison
1285,Oswaldo Arcia,2015.0,0.7099999999999999,2015 Oswaldo Arcia
1286,Steven Souza Jr.,2015.0,0.09300000000000003,2015 Steven Souza Jr.
1287,Jose Reyes,2017.0,0.077,2017 Jose Reyes
1288,Austin Allen,2019.0,0.626,2019 Austin Allen
1289,Clint Frazier,2019.0,0.16300000000000003,2019 Clint Frazier
1290,Aristides Aquino,2019.0,0.17700000000000002,2019 Aristides Aquino
1291,Brett Lawrie,2015.0,0.069,2015 Brett Lawrie
1292,Mark Trumbo,2015.0,0.076,2015 Mark Trumbo
1293,Jace Peterson,2018.0,0.14400000000000002,2018 Jace Peterson
1294,Aledmys Diaz,2016.0,0.09099999999999998,2016 Aledmys Diaz
1295,Juan Uribe,2015.0,0.10300000000000004,2015 Juan Uribe
1296,Ender Inciarte,2019.0,0.175,2019 Ender Inciarte
1297,Johan Camargo,2019.0,0.17700000000000002,2019 Johan Camargo
1298,Michael A. Taylor,2019.0,0.406,2019 Michael A. Taylor
1299,Didi Gregorius,2015.0,0.075,2015 Didi Gregorius
1300,Adam Rosales,2016.0,0.152,2016 Adam Rosales
1301,Jimmy Paredes,2016.0,0.248,2016 Jimmy Paredes
1302,Adalberto Mondesi,2018.0,0.145,2018 Adalberto Mondesi
1303,Francisco Cervelli,2018.0,0.09500000000000001,2018 Francisco Cervelli
1304,Jose Altuve,2018.0,0.07400000000000001,2018 Jose Altuve
1305,Jace Peterson,2016.0,0.09699999999999999,2016 Jace Peterson
1306,Justin Maxwell,2015.0,0.151,2015 Justin Maxwell
1307,Mookie Betts,2017.0,0.05600000000000001,2017 Mookie Betts
1308,Jose Iglesias,2015.0,0.092,2015 Jose Iglesias
1309,Brock Stassi,2017.0,0.38399999999999995,2017 Brock Stassi
1310,Nick Senzel,2019.0,0.09599999999999999,2019 Nick Senzel
1311,Alen Hanson,2018.0,0.138,2018 Alen Hanson
1312,Logan Morrison,2019.0,0.9999999999999999,2019 Logan Morrison
1313,Eduardo Nunez,2016.0,0.073,2016 Eduardo Nunez
1314,Jose Ramirez,2016.0,0.064,2016 Jose Ramirez
1315,Anthony Rendon,2016.0,0.06,2016 Anthony Rendon
1316,Max Stassi,2019.0,0.278,2019 Max Stassi
1317,Ian Desmond,2015.0,0.065,2015 Ian Desmond
1318,Andres Blanco,2015.0,0.153,2015 Andres Blanco
1319,Paulo Orlando,2016.0,0.092,2016 Paulo Orlando
1320,Brian O'Grady,2019.0,0.7659999999999998,2019 Brian O'Grady
1321,Dan Uggla,2015.0,0.27399999999999997,2015 Dan Uggla
1322,Stephen Piscotty,2017.0,0.09500000000000001,2017 Stephen Piscotty
1323,Carlos Correa,2016.0,0.058,2016 Carlos Correa
1324,Travis Snider,2015.0,0.142,2015 Travis Snider
1325,Carlos Gomez,2016.0,0.08800000000000002,2016 Carlos Gomez
1326,Didi Gregorius,2016.0,0.07400000000000001,2016 Didi Gregorius
1327,Travis Demeritte,2019.0,0.197,2019 Travis Demeritte
1328,Hanley Ramirez,2018.0,0.20499999999999996,2018 Hanley Ramirez
1329,Jose Iglesias,2016.0,0.077,2016 Jose Iglesias
1330,Chris Iannetta,2015.0,0.11700000000000002,2015 Chris Iannetta
1331,Joey Rickard,2019.0,0.19399999999999998,2019 Joey Rickard
1332,Max Stassi,2018.0,0.15999999999999998,2018 Max Stassi
1333,Scott Van Slyke,2015.0,0.15999999999999998,2015 Scott Van Slyke
1334,Caleb Joseph,2018.0,0.14,2018 Caleb Joseph
1335,Anthony Santander,2018.0,0.3520000000000001,2018 Anthony Santander
1336,Hyun Soo Kim,2017.0,0.153,2017 Hyun Soo Kim
1337,Aaron Hill,2015.0,0.11700000000000002,2015 Aaron Hill
1338,Ben Gamel,2017.0,0.069,2017 Ben Gamel
1339,Brandon Crawford,2017.0,0.07,2017 Brandon Crawford
1340,Matt Holliday,2015.0,0.142,2015 Matt Holliday
1341,Bobby Wilson,2016.0,0.161,2016 Bobby Wilson
1342,Tim Beckham,2018.0,0.098,2018 Tim Beckham
1343,Scooter Gennett,2016.0,0.073,2016 Scooter Gennett
1344,Hunter Pence,2017.0,0.071,2017 Hunter Pence
1345,Jesus Aguilar,2017.0,0.11399999999999998,2017 Jesus Aguilar
1346,Torii Hunter,2015.0,0.07200000000000001,2015 Torii Hunter
1347,Carlos Correa,2018.0,0.079,2018 Carlos Correa
1348,Hanley Ramirez,2016.0,0.062,2016 Hanley Ramirez
1349,Abraham Toro,2019.0,0.4389999999999999,2019 Abraham Toro
1350,Ezequiel Carrera,2015.0,0.20600000000000007,2015 Ezequiel Carrera
1351,Eduardo Escobar,2017.0,0.07400000000000001,2017 Eduardo Escobar
1352,Manuel Margot,2019.0,0.08499999999999999,2019 Manuel Margot
1353,Trey Mancini,2018.0,0.059000000000000004,2018 Trey Mancini
1354,Marc Krauss,2015.0,0.44700000000000006,2015 Marc Krauss
1355,Dustin Fowler,2018.0,0.19499999999999998,2018 Dustin Fowler
1356,Jorge Alfaro,2019.0,0.086,2019 Jorge Alfaro
1357,Harold Castro,2019.0,0.11299999999999999,2019 Harold Castro
1358,Alexei Ramirez,2015.0,0.068,2015 Alexei Ramirez
1359,Ildemaro Vargas,2019.0,0.19100000000000003,2019 Ildemaro Vargas
1360,Jean Segura,2019.0,0.06600000000000002,2019 Jean Segura
1361,Jason Castro,2018.0,0.4440000000000001,2018 Jason Castro
1362,Josh Harrison,2017.0,0.07200000000000001,2017 Josh Harrison
1363,Ryan Raburn,2016.0,0.139,2016 Ryan Raburn
1364,Darin Ruf,2015.0,0.128,2015 Darin Ruf
1365,Scott Van Slyke,2016.0,0.36700000000000005,2016 Scott Van Slyke
1366,Ryan Goins,2017.0,0.086,2017 Ryan Goins
1367,Steven Souza Jr.,2016.0,0.07999999999999999,2016 Steven Souza Jr.
1368,Yan Gomes,2016.0,0.15999999999999998,2016 Yan Gomes
1369,Taylor Motter,2017.0,0.131,2017 Taylor Motter
1370,Jose Abreu,2017.0,0.05699999999999999,2017 Jose Abreu
1371,Jean Segura,2015.0,0.071,2015 Jean Segura
1372,Elvis Andrus,2016.0,0.07,2016 Elvis Andrus
1373,Robinson Chirinos,2017.0,0.11499999999999999,2017 Robinson Chirinos
1374,Michael A. Taylor,2017.0,0.08900000000000002,2017 Michael A. Taylor
1375,Jayson Werth,2016.0,0.052000000000000005,2016 Jayson Werth
1376,Rajai Davis,2015.0,0.10500000000000001,2015 Rajai Davis
1377,Melky Cabrera,2018.0,0.14300000000000002,2018 Melky Cabrera
1378,Jose Abreu,2018.0,0.069,2018 Jose Abreu
1379,Matt Holliday,2016.0,0.092,2016 Matt Holliday
1380,J.T. Realmuto,2015.0,0.084,2015 J.T. Realmuto
1381,Ryan Zimmerman,2016.0,0.079,2016 Ryan Zimmerman
1382,Maikel Franco,2015.0,0.12,2015 Maikel Franco
1383,Avisail Garcia,2015.0,0.067,2015 Avisail Garcia
1384,Paul DeJong,2017.0,0.081,2017 Paul DeJong
1385,Kevin Pillar,2018.0,0.073,2018 Kevin Pillar
1386,Tommy La Stella,2018.0,0.197,2018 Tommy La Stella
1387,Tim Beckham,2019.0,0.106,2019 Tim Beckham
1388,Tommy Pham,2017.0,0.067,2017 Tommy Pham
1389,Wilmer Flores,2015.0,0.073,2015 Wilmer Flores
1390,Rene Rivera,2015.0,0.121,2015 Rene Rivera
1391,JT Riddle,2019.0,0.295,2019 JT Riddle
1392,Adam Rosales,2017.0,0.11700000000000002,2017 Adam Rosales
1393,David Bote,2019.0,0.09900000000000002,2019 David Bote
1394,Jett Bandy,2016.0,0.168,2016 Jett Bandy
1395,Marwin Gonzalez,2015.0,0.10800000000000003,2015 Marwin Gonzalez
1396,Gerardo Parra,2017.0,0.092,2017 Gerardo Parra
1397,Daniel Descalso,2016.0,0.12300000000000003,2016 Daniel Descalso
1398,Brandon Drury,2017.0,0.077,2017 Brandon Drury
1399,Addison Russell,2015.0,0.065,2015 Addison Russell
1400,Chris Owings,2015.0,0.071,2015 Chris Owings
1401,Lewis Brinson,2019.0,0.146,2019 Lewis Brinson
1402,Eric Sogard,2015.0,0.09699999999999999,2015 Eric Sogard
1403,Xander Bogaerts,2018.0,0.06,2018 Xander Bogaerts
1404,Adalberto Mondesi,2016.0,0.27399999999999997,2016 Adalberto Mondesi
1405,Ian Kinsler,2017.0,0.058,2017 Ian Kinsler
1406,Francisco Lindor,2015.0,0.08900000000000002,2015 Francisco Lindor
1407,Cliff Pennington,2015.0,0.13699999999999998,2015 Cliff Pennington
1408,Andrew Knapp,2017.0,0.171,2017 Andrew Knapp
1409,Yasmany Tomas,2016.0,0.071,2016 Yasmany Tomas
1410,Mason Williams,2018.0,0.294,2018 Mason Williams
1411,Starling Marte,2016.0,0.07,2016 Starling Marte
1412,David Freese,2015.0,0.075,2015 David Freese
1413,Martin Prado,2016.0,0.05400000000000001,2016 Martin Prado
1414,Scooter Gennett,2017.0,0.07200000000000001,2017 Scooter Gennett
1415,Carlos Correa,2015.0,0.077,2015 Carlos Correa
1416,Aaron Judge,2016.0,0.341,2016 Aaron Judge
1417,Michael Morse,2015.0,0.134,2015 Michael Morse
1418,Freddy Galvis,2018.0,0.05400000000000001,2018 Freddy Galvis
1419,J.P. Crawford,2018.0,0.22799999999999995,2018 J.P. Crawford
1420,Juan Lagares,2015.0,0.076,2015 Juan Lagares
1421,DJ Stewart,2018.0,0.721,2018 DJ Stewart
1422,Conor Gillaspie,2017.0,0.44600000000000006,2017 Conor Gillaspie
1423,Willie Calhoun,2018.0,0.36399999999999993,2018 Willie Calhoun
1424,Yasiel Puig,2016.0,0.106,2016 Yasiel Puig
1425,Adam Frazier,2018.0,0.1,2018 Adam Frazier
1426,Franchy Cordero,2018.0,0.218,2018 Franchy Cordero
1427,Yasiel Puig,2015.0,0.11200000000000002,2015 Yasiel Puig
1428,Tim Anderson,2018.0,0.062,2018 Tim Anderson
1429,Wilson Ramos,2016.0,0.07200000000000001,2016 Wilson Ramos
1430,Nick Ahmed,2015.0,0.082,2015 Nick Ahmed
1431,Tony Wolters,2017.0,0.13,2017 Tony Wolters
1432,Tony Kemp,2018.0,0.126,2018 Tony Kemp
1433,Matt Kemp,2019.0,0.584,2019 Matt Kemp
1434,Bubba Starling,2019.0,0.196,2019 Bubba Starling
1435,Jose Miguel Fernandez,2018.0,0.301,2018 Jose Miguel Fernandez
1436,David Freese,2016.0,0.065,2016 David Freese
1437,J.T. Realmuto,2017.0,0.062,2017 J.T. Realmuto
1438,Jefry Marte,2016.0,0.12300000000000003,2016 Jefry Marte
1439,Joey Rickard,2017.0,0.12300000000000003,2017 Joey Rickard
1440,J.T. Realmuto,2016.0,0.062,2016 J.T. Realmuto
1441,Sean Rodriguez,2016.0,0.1,2016 Sean Rodriguez
1442,Jon Jay,2015.0,0.15,2015 Jon Jay
1443,Dylan Cozens,2018.0,0.6750000000000002,2018 Dylan Cozens
1444,Nick Markakis,2017.0,0.049,2017 Nick Markakis
1445,Jung Ho Kang,2019.0,0.184,2019 Jung Ho Kang
1446,Tyler Naquin,2016.0,0.087,2016 Tyler Naquin
1447,Brock Holt,2018.0,0.09,2018 Brock Holt
1448,Johnny Cueto,2016.0,0.506,2016 Johnny Cueto
1449,Alex Bregman,2017.0,0.05699999999999999,2017 Alex Bregman
1450,Corban Joseph,2019.0,0.512,2019 Corban Joseph
1451,Victor Reyes,2019.0,0.109,2019 Victor Reyes
1452,Harrison Bader,2018.0,0.07400000000000001,2018 Harrison Bader
1453,Hector Sanchez,2016.0,0.618,2016 Hector Sanchez
1454,Lonnie Chisenhall,2018.0,0.36200000000000004,2018 Lonnie Chisenhall
1455,Bruce Maxwell,2016.0,0.31000000000000005,2016 Bruce Maxwell
1456,Manny Pina,2019.0,0.175,2019 Manny Pina
1457,Kevin Plawecki,2019.0,0.2,2019 Kevin Plawecki
1458,Tyler Flowers,2015.0,0.092,2015 Tyler Flowers
1459,Gio Urshela,2015.0,0.121,2015 Gio Urshela
1460,Danny Valencia,2018.0,0.121,2018 Danny Valencia
1461,Ruben Tejada,2015.0,0.083,2015 Ruben Tejada
1462,Alcides Escobar,2016.0,0.052000000000000005,2016 Alcides Escobar
1463,Jean Segura,2017.0,0.059000000000000004,2017 Jean Segura
1464,Renato Nunez,2018.0,0.12300000000000003,2018 Renato Nunez
1465,Peter Bourjos,2016.0,0.09599999999999999,2016 Peter Bourjos
1466,Carlos Perez,2016.0,0.12300000000000003,2016 Carlos Perez
1467,Steven Moya,2016.0,0.298,2016 Steven Moya
1468,Michael Conforto,2015.0,0.172,2015 Michael Conforto
1469,Manny Machado,2016.0,0.05,2016 Manny Machado
1470,Carlos Gomez,2015.0,0.073,2015 Carlos Gomez
1471,Matt Duffy,2018.0,0.06,2018 Matt Duffy
1472,Joe Panik,2017.0,0.058,2017 Joe Panik
1473,Johnny Field,2018.0,0.139,2018 Johnny Field
1474,Kevin Kramer,2019.0,0.565,2019 Kevin Kramer
1475,Wilmer Flores,2018.0,0.079,2018 Wilmer Flores
1476,Kevin Pillar,2017.0,0.05699999999999999,2017 Kevin Pillar
1477,Dan Straily,2016.0,0.525,2016 Dan Straily
1478,Hernan Perez,2016.0,0.082,2016 Hernan Perez
1479,JT Riddle,2018.0,0.10099999999999998,2018 JT Riddle
1480,Michael Cuddyer,2015.0,0.082,2015 Michael Cuddyer
1481,Manny Pina,2018.0,0.09500000000000001,2018 Manny Pina
1482,Roberto Perez,2019.0,0.065,2019 Roberto Perez
1483,Jhonny Peralta,2016.0,0.10199999999999997,2016 Jhonny Peralta
1484,Ryan Rua,2016.0,0.121,2016 Ryan Rua
1485,Rowdy Tellez,2018.0,0.46299999999999986,2018 Rowdy Tellez
1486,Elias Diaz,2019.0,0.09099999999999998,2019 Elias Diaz
1487,John Hicks,2018.0,0.106,2018 John Hicks
1488,Anthony Bemboom,2019.0,0.557,2019 Anthony Bemboom
1489,Willson Contreras,2017.0,0.077,2017 Willson Contreras
1490,Matt Davidson,2017.0,0.06600000000000002,2017 Matt Davidson
1491,Jonathan Lucroy,2016.0,0.05600000000000001,2016 Jonathan Lucroy
1492,Hanley Ramirez,2015.0,0.077,2015 Hanley Ramirez
1493,Rajai Davis,2016.0,0.06600000000000002,2016 Rajai Davis
1494,Ryon Healy,2016.0,0.11299999999999999,2016 Ryon Healy
1495,Mookie Betts,2015.0,0.046,2015 Mookie Betts
1496,Carlos Perez,2015.0,0.11299999999999999,2015 Carlos Perez
1497,Martin Maldonado,2016.0,0.121,2016 Martin Maldonado
1498,Howie Kendrick,2016.0,0.058,2016 Howie Kendrick
1499,Brandon Nimmo,2017.0,0.128,2017 Brandon Nimmo
1500,Cory Spangenberg,2018.0,0.09300000000000003,2018 Cory Spangenberg
1501,Zack Cozart,2019.0,0.304,2019 Zack Cozart
1502,Anthony Rendon,2018.0,0.05099999999999998,2018 Anthony Rendon
1503,Jonathan Lucroy,2019.0,0.08900000000000002,2019 Jonathan Lucroy
1504,Devin Mesoraco,2016.0,0.6,2016 Devin Mesoraco
1505,Amed Rosario,2018.0,0.05600000000000001,2018 Amed Rosario
1506,Alexi Amarista,2015.0,0.086,2015 Alexi Amarista
1507,Chris Shaw,2018.0,0.5310000000000001,2018 Chris Shaw
1508,Tucker Barnhart,2015.0,0.124,2015 Tucker Barnhart
1509,Franmil Reyes,2018.0,0.10300000000000004,2018 Franmil Reyes
1510,Aaron Altherr,2017.0,0.07400000000000001,2017 Aaron Altherr
1511,Erik Kratz,2018.0,0.147,2018 Erik Kratz
1512,Bobby Bradley,2019.0,0.618,2019 Bobby Bradley
1513,Jimmy Nelson,2016.0,0.536,2016 Jimmy Nelson
1514,Peter Bourjos,2015.0,0.14400000000000002,2015 Peter Bourjos
1515,Chris Owings,2016.0,0.07200000000000001,2016 Chris Owings
1516,Johnny Giavotella,2015.0,0.067,2015 Johnny Giavotella
1517,Gerardo Parra,2016.0,0.08900000000000002,2016 Gerardo Parra
1518,Tony Kemp,2016.0,0.23600000000000002,2016 Tony Kemp
1519,Avisail Garcia,2017.0,0.058,2017 Avisail Garcia
1520,Yasmany Tomas,2015.0,0.078,2015 Yasmany Tomas
1521,Shane Victorino,2015.0,0.147,2015 Shane Victorino
1522,Dae-Ho Lee,2016.0,0.09,2016 Dae-Ho Lee
1523,A.J. Pollock,2017.0,0.06600000000000002,2017 A.J. Pollock
1524,Kurt Suzuki,2016.0,0.086,2016 Kurt Suzuki
1525,Nick Williams,2017.0,0.09399999999999999,2017 Nick Williams
1526,Albert Almora Jr.,2018.0,0.071,2018 Albert Almora Jr.
1527,Ryan Flaherty,2018.0,0.165,2018 Ryan Flaherty
1528,Brett Phillips,2019.0,0.36200000000000004,2019 Brett Phillips
1529,Tony Wolters,2018.0,0.14,2018 Tony Wolters
1530,Josh Harrison,2016.0,0.059000000000000004,2016 Josh Harrison
1531,Howie Kendrick,2015.0,0.06,2015 Howie Kendrick
1532,Yolmer Sanchez,2017.0,0.05600000000000001,2017 Yolmer Sanchez
1533,Tommy Joseph,2016.0,0.084,2016 Tommy Joseph
1534,Brandon Lowe,2018.0,0.19100000000000003,2018 Brandon Lowe
1535,Odubel Herrera,2017.0,0.05099999999999998,2017 Odubel Herrera
1536,Angel Pagan,2016.0,0.052000000000000005,2016 Angel Pagan
1537,Nicky Lopez,2019.0,0.07200000000000001,2019 Nicky Lopez
1538,JB Shuck,2015.0,0.17700000000000002,2015 JB Shuck
1539,Yunel Escobar,2015.0,0.055,2015 Yunel Escobar
1540,Pedro Alvarez,2017.0,0.852,2017 Pedro Alvarez
1541,Evan Gattis,2017.0,0.09699999999999999,2017 Evan Gattis
1542,Adeiny Hechavarria,2016.0,0.05400000000000001,2016 Adeiny Hechavarria
1543,Tyler Collins,2015.0,0.14400000000000002,2015 Tyler Collins
1544,Dan Straily,2017.0,0.486,2017 Dan Straily
1545,Jose Martinez,2018.0,0.045,2018 Jose Martinez
1546,Dansby Swanson,2018.0,0.05,2018 Dansby Swanson
1547,Marcell Ozuna,2016.0,0.047999999999999994,2016 Marcell Ozuna
1548,Jeff Francoeur,2015.0,0.09,2015 Jeff Francoeur
1549,Wilmer Difo,2017.0,0.079,2017 Wilmer Difo
1550,Kevin Plawecki,2015.0,0.11100000000000003,2015 Kevin Plawecki
1551,Jonathan Lucroy,2018.0,0.06,2018 Jonathan Lucroy
1552,John Lackey,2015.0,0.455,2015 John Lackey
1553,Jean Segura,2018.0,0.04699999999999999,2018 Jean Segura
1554,Corey Dickerson,2015.0,0.11499999999999999,2015 Corey Dickerson
1555,David Dahl,2016.0,0.11299999999999999,2016 David Dahl
1556,Jim Adduci,2018.0,0.151,2018 Jim Adduci
1557,Luis Arraez,2019.0,0.069,2019 Luis Arraez
1558,Sean Rodriguez,2015.0,0.12,2015 Sean Rodriguez
1559,Orlando Arcia,2017.0,0.05099999999999998,2017 Orlando Arcia
1560,Jared Hoying,2017.0,0.35700000000000004,2017 Jared Hoying
1561,Ivan Nova,2017.0,0.48299999999999993,2017 Ivan Nova
1562,Scooter Gennett,2015.0,0.07400000000000001,2015 Scooter Gennett
1563,Max Scherzer,2016.0,0.365,2016 Max Scherzer
1564,Joe Panik,2015.0,0.063,2015 Joe Panik
1565,Ben Paulsen,2016.0,0.272,2016 Ben Paulsen
1566,Jose Peraza,2018.0,0.04400000000000001,2018 Jose Peraza
1567,C.J. Cron,2016.0,0.059000000000000004,2016 C.J. Cron
1568,Jose Iglesias,2017.0,0.05400000000000001,2017 Jose Iglesias
1569,Dan Haren,2015.0,0.451,2015 Dan Haren
1570,Ronald Torreyes,2017.0,0.09,2017 Ronald Torreyes
1571,Johnny Giavotella,2016.0,0.079,2016 Johnny Giavotella
1572,Ryan Braun,2015.0,0.045,2015 Ryan Braun
1573,Derek Fisher,2017.0,0.14400000000000002,2017 Derek Fisher
1574,Victor Reyes,2018.0,0.116,2018 Victor Reyes
1575,Brian Goodwin,2017.0,0.083,2017 Brian Goodwin
1576,Tanner Roark,2016.0,0.36200000000000004,2016 Tanner Roark
1577,Jose Iglesias,2018.0,0.055,2018 Jose Iglesias
1578,R.A. Dickey,2017.0,0.42200000000000004,2017 R.A. Dickey
1579,Jack Flaherty,2019.0,0.37000000000000005,2019 Jack Flaherty
1580,Jameson Taillon,2018.0,0.4010000000000001,2018 Jameson Taillon
1581,Martin Maldonado,2017.0,0.05099999999999998,2017 Martin Maldonado
1582,Tom Koehler,2015.0,0.409,2015 Tom Koehler
1583,Shelby Miller,2015.0,0.33299999999999996,2015 Shelby Miller
1584,Paulo Orlando,2015.0,0.09900000000000002,2015 Paulo Orlando
1585,Julio Teheran,2017.0,0.38099999999999995,2017 Julio Teheran
1586,Kyle Hendricks,2016.0,0.37799999999999995,2016 Kyle Hendricks
1587,Gerrit Cole,2015.0,0.33699999999999997,2015 Gerrit Cole
1588,Carlos Peguero,2015.0,0.22599999999999998,2015 Carlos Peguero
1589,JB Shuck,2016.0,0.10199999999999997,2016 JB Shuck
1590,Tyler Wade,2019.0,0.21600000000000005,2019 Tyler Wade
1591,Wei-Yin Chen,2016.0,0.523,2016 Wei-Yin Chen
1592,Julio Teheran,2015.0,0.374,2015 Julio Teheran
